event_definition,coding_system,code_name,concept,concept_name,tags,system,event_abbreviation,type,code_rounding_issue,code_issue_dot,code,Varname
Coagulation disseminated intravascular,ICD10,Disseminated intravascular coagulation of fetus and newborn,C0158992,Disseminated intravascular coagulation in newborn,narrow,B,DIC,AESI,P60,P60,P60,B_DIC_AESI
Coagulation disseminated intravascular,ICD10CM,Disseminated intravascular coagulation of fetus and newborn,C0158992,Disseminated intravascular coagulation in newborn,narrow,B,DIC,AESI,P60,P60,P60,B_DIC_AESI
Coagulation disseminated intravascular,ICD10CM,Disseminated intravascular coagulation of newborn,"","",narrow,B,DIC,AESI,P60,P60,P60,B_DIC_AESI
Coagulation disseminated intravascular,ICD10CM,Disseminated intravascular coagulation of newborn,C0158992,Disseminated intravascular coagulation in newborn,narrow,B,DIC,AESI,P60,P60,P60,B_DIC_AESI
Coagulation disseminated intravascular,ICD9CM,Defibrination syndrome,C0012739,Disseminated Intravascular Coagulation,narrow,B,DIC,AESI,P60,P60,P60,B_DIC_AESI
COVID19 diagnosis,ICD10,Coronavirus infection- unspecified site,"","",narrow,I,COVID19DX,COV,B34.2,B34.2,B34.2,I_COVID19DX_COV
COVID19 diagnosis,ICD10CM,Coronavirus infection- unspecified,C0206750,Coronavirus Infections,narrow,I,COVID19DX,COV,B34.2,B34.2,B34.2,I_COVID19DX_COV
COVID19 diagnosis,SCTSPA,antecedente de enfermedad causada por coronavirus 2 del sÃ­ndrome respiratorio agudo severo (situaciÃ³n),"","",narrow,I,COVID19DX,COV,B34.2,B34.2,B34.2,I_COVID19DX_COV
COVID19 diagnosis,ICD10,Coronavirus as the cause of diseases classified to other chapters,"","",narrow,I,COVID19DX,COV,B97.2,B97.2,B97.2,I_COVID19DX_COV
COVID19 diagnosis,ICD10CM,Coronavirus as the cause of diseases classified to other chapters,C0348984,Coronavirus as the cause of diseases classified to other chapters,narrow,I,COVID19DX,COV,B97.2,B97.2,B97.2,I_COVID19DX_COV
COVID19 diagnosis,SCTSPA,anosmia reversible debida a COVID-19 (hallazgo),"","",narrow,I,COVID19DX,COV,B97.2,B97.2,B97.2,I_COVID19DX_COV
COVID19 diagnosis,ICD10,COVID-19- virus identified,"","",narrow,I,COVID19DX,COV,U07.1,U07.1,U07.1,I_COVID19DX_COV
COVID19 diagnosis,ICD10CM,COVID-19- virus identified,"","",narrow,I,COVID19DX,COV,U07.1,U07.1,U07.1,I_COVID19DX_COV
COVID19 diagnosis,SCTSPA,anticuerpo inmunoglobulina G contra coronavirus 2 del sÃ­ndrome respiratorio agudo severo (sustancia),"","",narrow,I,COVID19DX,COV,U07.1,U07.1,U07.1,I_COVID19DX_COV
COVID19 diagnosis,ICD10,COVID-19- virus not identified,"","",narrow,I,COVID19DX,COV,U07.2,U07.2,U07.2,I_COVID19DX_COV
COVID19 diagnosis,ICD10CM,COVID-19- virus not identified,"","",narrow,I,COVID19DX,COV,U07.2,U07.2,U07.2,I_COVID19DX_COV
COVID19 diagnosis,SCTSPA,anticuerpo inmunoglobulina M contra coronavirus 2 del sÃ­ndrome respiratorio agudo severo (sustancia),"","",narrow,I,COVID19DX,COV,U07.2,U07.2,U07.2,I_COVID19DX_COV
COVID19 diagnosis,ICD10,Personal history of COVID-19,"","",narrow,I,COVID19DX,COV,U08,U08,U08,I_COVID19DX_COV
COVID19 diagnosis,ICD10CM,Personal history of COVID-19,"","",narrow,I,COVID19DX,COV,U08,U08,U08,I_COVID19DX_COV
COVID19 diagnosis,ICD9CM,ARSD in Covid-19- virus identificato,"","",narrow,I,COVID19DX,COV,U08,U08,U08,I_COVID19DX_COV
COVID19 diagnosis,ICD10,Multisystem Inflammatory Syndrome associated with COVID-19,"","",narrow,I,COVID19DX,COV,U10,U10,U10,I_COVID19DX_COV
COVID19 diagnosis,ICD10CM,Multisystem Inflammatory Syndrome associated with COVID-19,"","",narrow,I,COVID19DX,COV,U10,U10,U10,I_COVID19DX_COV
COVID19 diagnosis,SCTSPA,antÃ­geno de coronavirus 2 del sÃ­ndrome respiratorio agudo severo (sustancia),"","",narrow,I,COVID19DX,COV,U10,U10,U10,I_COVID19DX_COV
Immunodeficiencies without HIV,ICD10,Functional disorders of polymorphonuclear neutrophils,C0016808,Functional disorders of polymorphonuclear neutrophils,narrow,Im,IMMUNODEFWITHOUTHIV,COV,D71,D71,D71,Im_IMMUNODEFWITHOUTHIV_COV
Immunodeficiencies without HIV,ICD10CM,Cell membrane receptor complex [CR3] defect,C2873813,Cell membrane receptor complex [CR3] defect,narrow,Im,IMMUNODEFWITHOUTHIV,COV,D71,D71,D71,Im_IMMUNODEFWITHOUTHIV_COV
Immunodeficiencies without HIV,ICD10CM,Chronic (childhood) granulomatous disease,C1398939,granulomatous- disorder (chronic) (childhood),narrow,Im,IMMUNODEFWITHOUTHIV,COV,D71,D71,D71,Im_IMMUNODEFWITHOUTHIV_COV
Immunodeficiencies without HIV,ICD10CM,Congenital dysphagocytosis,C0018203,Chronic granulomatous disease,narrow,Im,IMMUNODEFWITHOUTHIV,COV,D71,D71,D71,Im_IMMUNODEFWITHOUTHIV_COV
Immunodeficiencies without HIV,ICD10CM,Functional disorders of polymorphonuclear neutrophils,C0016808,Functional disorders of polymorphonuclear neutrophils,narrow,Im,IMMUNODEFWITHOUTHIV,COV,D71,D71,D71,Im_IMMUNODEFWITHOUTHIV_COV
Immunodeficiencies without HIV,ICD10CM,Progressive septic granulomatosis,C0865267,progressive septic granulomatosis,narrow,Im,IMMUNODEFWITHOUTHIV,COV,D71,D71,D71,Im_IMMUNODEFWITHOUTHIV_COV
Immunodeficiencies without HIV,ICPC,Mumps,C0026780,Mumps,possible,Im,IMMUNODEFWITHOUTHIV,COV,D71,D71,D71,Im_IMMUNODEFWITHOUTHIV_COV
Immunodeficiencies without HIV,ICD10,Immunodeficiency with predominantly antibody defects,C0494248,Immunodeficiency with predominantly antibody defects- unspecified,narrow,Im,IMMUNODEFWITHOUTHIV,COV,D80,D80,D80,Im_IMMUNODEFWITHOUTHIV_COV
Immunodeficiencies without HIV,ICD10CM,Immunodeficiency with predominantly antibody defects,C0494248,Immunodeficiency with predominantly antibody defects- unspecified,narrow,Im,IMMUNODEFWITHOUTHIV,COV,D80,D80,D80,Im_IMMUNODEFWITHOUTHIV_COV
Immunodeficiencies without HIV,ICPC,Other digestive system injuries,C0497539,Other digestive system injuries,narrow,Im,IMMUNODEFWITHOUTHIV,COV,D80,D80,D80,Im_IMMUNODEFWITHOUTHIV_COV
Immunodeficiencies without HIV,ICD10,Other immunodeficiencies,C0494264,Other immunodeficiencies,narrow,Im,IMMUNODEFWITHOUTHIV,COV,D84,D84,D84,Im_IMMUNODEFWITHOUTHIV_COV
Immunodeficiencies without HIV,ICD10CM,Other immunodeficiencies,C0494264,Other immunodeficiencies,narrow,Im,IMMUNODEFWITHOUTHIV,COV,D84,D84,D84,Im_IMMUNODEFWITHOUTHIV_COV
Immunodeficiencies without HIV,ICPC,Disease of esophagus,C0014852,Esophageal Diseases,possible,Im,IMMUNODEFWITHOUTHIV,COV,D84,D84,D84,Im_IMMUNODEFWITHOUTHIV_COV
Immunodeficiencies any,ICD10,Functional disorders of polymorphonuclear neutrophils,C0016808,Functional disorders of polymorphonuclear neutrophils,narrow,Im,IMMUNODEF,COV,D71,D71,D71,Im_IMMUNODEF_COV
Immunodeficiencies any,ICD10CM,Cell membrane receptor complex [CR3] defect,C2873813,Cell membrane receptor complex [CR3] defect,narrow,Im,IMMUNODEF,COV,D71,D71,D71,Im_IMMUNODEF_COV
Immunodeficiencies any,ICD10CM,Chronic (childhood) granulomatous disease,C1398939,granulomatous- disorder (chronic) (childhood),narrow,Im,IMMUNODEF,COV,D71,D71,D71,Im_IMMUNODEF_COV
Immunodeficiencies any,ICD10CM,Congenital dysphagocytosis,C0018203,Chronic granulomatous disease,narrow,Im,IMMUNODEF,COV,D71,D71,D71,Im_IMMUNODEF_COV
Immunodeficiencies any,ICD10CM,Functional disorders of polymorphonuclear neutrophils,C0016808,Functional disorders of polymorphonuclear neutrophils,narrow,Im,IMMUNODEF,COV,D71,D71,D71,Im_IMMUNODEF_COV
Immunodeficiencies any,ICD10CM,Progressive septic granulomatosis,C0865267,progressive septic granulomatosis,narrow,Im,IMMUNODEF,COV,D71,D71,D71,Im_IMMUNODEF_COV
Immunodeficiencies any,ICPC,Mumps,C0026780,Mumps,possible,Im,IMMUNODEF,COV,D71,D71,D71,Im_IMMUNODEF_COV
Immunodeficiencies any,ICD10,Immunodeficiency with predominantly antibody defects,C0494248,Immunodeficiency with predominantly antibody defects- unspecified,narrow,Im,IMMUNODEF,COV,D80,D80,D80,Im_IMMUNODEF_COV
Immunodeficiencies any,ICD10CM,Immunodeficiency with predominantly antibody defects,C0494248,Immunodeficiency with predominantly antibody defects- unspecified,narrow,Im,IMMUNODEF,COV,D80,D80,D80,Im_IMMUNODEF_COV
Immunodeficiencies any,ICPC,Other digestive system injuries,C0497539,Other digestive system injuries,narrow,Im,IMMUNODEF,COV,D80,D80,D80,Im_IMMUNODEF_COV
Immunodeficiencies any,ICD10,Combined immunodeficiencies,C0494261,Combined immunodeficiency,narrow,Im,IMMUNODEF,COV,D81,D81,D81,Im_IMMUNODEF_COV
Immunodeficiencies any,ICD10CM,Combined immunodeficiencies,C0494261,Combined immunodeficiency,narrow,Im,IMMUNODEF,COV,D81,D81,D81,Im_IMMUNODEF_COV
Immunodeficiencies any,ICPC,Congenital digestive system anomalies,C0266015,Congenital digestive system anomalies,possible,Im,IMMUNODEF,COV,D81,D81,D81,Im_IMMUNODEF_COV
Immunodeficiencies any,ICD10,Immunodeficiency associated with other major defects,C0494262,Immunodeficiency associated with other major defects,narrow,Im,IMMUNODEF,COV,D82,D82,D82,Im_IMMUNODEF_COV
Immunodeficiencies any,ICD10CM,Immunodeficiency associated with other major defects,C0494262,Immunodeficiency associated with other major defects,narrow,Im,IMMUNODEF,COV,D82,D82,D82,Im_IMMUNODEF_COV
Immunodeficiencies any,ICPC,Disease of teeth-gums,C0497192,Teeth-gum disease,narrow,Im,IMMUNODEF,COV,D82,D82,D82,Im_IMMUNODEF_COV
Multisystem immflamatory syndrome,ICD10,Acute myocarditis,C0155686,Acute myocarditis,possible,O,MIS,AESI,I40,I40,I40,O_MIS_AESI
Multisystem immflamatory syndrome,ICD10CM,Acute myocarditis,C0155686,Acute myocarditis,possible,O,MIS,AESI,I40,I40,I40,O_MIS_AESI
Multisystem immflamatory syndrome,SNOMEDCT_US,Multisystem inflammatory syndrome in adults (disorder),"","",narrow,O,MIS,AESI,I40,I40,I40,O_MIS_AESI
Multisystem immflamatory syndrome,ICD10,Acute renal failure,C0022660,Kidney Failure- Acute,possible,O,MIS,AESI,N17,N17,N17,O_MIS_AESI
Multisystem immflamatory syndrome,ICD10CM,Acute kidney failure,C0022660,Kidney Failure- Acute,possible,O,MIS,AESI,N17,N17,N17,O_MIS_AESI
Multisystem immflamatory syndrome,SCTSPA,sÃ­ndrome inflamatorio multisistÃ©mico pediÃ¡trico vinculado a SARS-CoV-2 (trastorno),"","",narrow,O,MIS,AESI,N17,N17,N17,O_MIS_AESI
Multisystem immflamatory syndrome,ICD10,Other acute renal failure,"","",possible,O,MIS,AESI,N17.8,N17.8,N17.8,O_MIS_AESI
Multisystem immflamatory syndrome,ICD10CM,Other acute kidney failure,"","",possible,O,MIS,AESI,N17.8,N17.8,N17.8,O_MIS_AESI
Multisystem immflamatory syndrome,ICD9CM,Acute myocarditis,C0155686,Acute myocarditis,possible,O,MIS,AESI,N17.8,N178,N17.8,O_MIS_AESI
Multisystem immflamatory syndrome,ICD10,Acute renal failure- unspecified,"","",possible,O,MIS,AESI,N17.9,N17.9,N17.9,O_MIS_AESI
Multisystem immflamatory syndrome,ICD10CM,Acute kidney failure- unspecified,"","",possible,O,MIS,AESI,N17.9,N17.9,N17.9,O_MIS_AESI
Multisystem immflamatory syndrome,ICD9CM,Acute myocarditis in diseases classified elsewhere,"","",possible,O,MIS,AESI,N17.9,N179,N17.9,O_MIS_AESI
deep vein thrombosis,ICD10,Phlebitis and thrombophlebitis,C1367972,Phlebitis and thrombophlebitis,possible,V,DVT,AESI,I80,I80,I80,V_DVT_AESI
deep vein thrombosis,ICD10CM,Phlebitis and thrombophlebitis,C1367972,Phlebitis and thrombophlebitis,possible,V,DVT,AESI,I80,I80,I80,V_DVT_AESI
deep vein thrombosis,ICD10CM,endophlebitis,C0014234,Endophlebitis,possible,V,DVT,AESI,I80,I80,I80,V_DVT_AESI
deep vein thrombosis,ICD10CM,inflammation- vein,C0031542,Phlebitis,possible,V,DVT,AESI,I80,I80,I80,V_DVT_AESI
deep vein thrombosis,ICD10CM,periphlebitis,C0031129,Periphlebitis,possible,V,DVT,AESI,I80,I80,I80,V_DVT_AESI
deep vein thrombosis,ICD10CM,suppurative phlebitis,C0265051,Suppurative phlebitis,possible,V,DVT,AESI,I80,I80,I80,V_DVT_AESI
deep vein thrombosis,SNOMEDCT_US,Deep vein thrombosis of leg related to air travel,"","",possble,V,DVT,AESI,I80,I80,I80,V_DVT_AESI
