event_definition,coding_system,code_name,concept,concept_name,tags,system,event_abbreviation,type,code_rounding_issue,code_issue_dot,code,Varname
Heart failure including chronic HF,MEDCODEID,Acute oedema of lung- unspecified,"","",narrow,C,HF,COV,1216090015,1216090015,1216090015,C_HF_COV
Heart failure including chronic HF,MEDCODEID,Acute pulmonary oedema NOS,"","",possible,C,HF,COV,1216090015,1216090015,1216090015,C_HF_COV
Heart failure including chronic HF,MEDCODEID,Acute oedema of lung,"","",narrow,C,HF,COV,1490256017,1490256017,1490256017,C_HF_COV
Heart failure including chronic HF,MEDCODEID,Acute pulmonary oedema unspecified,"","",possible,C,HF,COV,1490256017,1490256017,1490256017,C_HF_COV
Heart failure including chronic HF,MEDCODEID,Pulmonary oedema - acute,"","",possible,C,HF,COV,1490256017,1490256017,1490256017,C_HF_COV
Heart failure including chronic HF,MEDCODEID,Acute left ventricular failure,"","",narrow,C,HF,COV,300190010,300190010,300190010,C_HF_COV
Heart failure including chronic HF,MEDCODEID,Post cardiac operation functional disturbance,"","",possible,C,HF,COV,300190010,300190010,300190010,C_HF_COV
Heart failure including chronic HF,MEDCODEID,Acute oedema of lung- unspecified,"","",narrow,C,HF,COV,301741013,301741013,301741013,C_HF_COV
Heart failure including chronic HF,MEDCODEID,Acute pulmonary oedema unspecified,"","",possible,C,HF,COV,301741013,301741013,301741013,C_HF_COV
Heart failure including chronic HF,MEDCODEID,Acute pulmonary oedema NOS,"","",possible,C,HF,COV,301743011,301743011,301743011,C_HF_COV
Heart failure including chronic HF,MEDCODEID,Congestive heart failure,"","",narrow,C,HF,COV,301743011,301743011,301743011,C_HF_COV
Heart failure including chronic HF,MEDCODEID,Acute edema of lung,"","",narrow,C,HF,COV,3152701000006117,3152701000006117,3152701000006117,C_HF_COV
Heart failure including chronic HF,MEDCODEID,Acute pulmonary edema,"","",possible,C,HF,COV,3152701000006117,3152701000006117,3152701000006117,C_HF_COV
Heart failure including chronic HF,MEDCODEID,Acute oedema of lung,"","",narrow,C,HF,COV,3152711000006119,3152711000006119,3152711000006119,C_HF_COV
Heart failure including chronic HF,MEDCODEID,Pulmonary oedema - acute,"","",possible,C,HF,COV,3152711000006119,3152711000006119,3152711000006119,C_HF_COV
Heart failure including chronic HF,MEDCODEID,Acute edema of lung,"","",narrow,C,HF,COV,3152721000006110,3152721000006110,3152721000006110,C_HF_COV
Heart failure including chronic HF,MEDCODEID,Pulmonary oedema - acute,"","",possible,C,HF,COV,3152721000006110,3152721000006110,3152721000006110,C_HF_COV
Heart failure including chronic HF,MEDCODEID,Neonatal cardiac failure,"","",possible,C,HF,COV,412678013,412678013,412678013,C_HF_COV
Heart failure including chronic HF,MEDCODEID,Right ventricular failure,"","",narrow,C,HF,COV,412678013,412678013,412678013,C_HF_COV
AIDS Charlson index,ICD9CM,Human immunodeficiency virus [HIV] disease,C0019693,HIV Infections,narrow,I,AIDS,COV,042,042,042,I_AIDS_COV
AIDS Charlson index,ICD9CM,Human immunodeficiency virus [HIV] disease,C0019693,HIV Infections,possible,I,AIDS,COV,042,042,042,I_AIDS_COV
Immunodeficiencies any,ICD10CM,AIDS-related complex [ARC],C0001857,AIDS related complex,narrow,Im,IMMUNODEF,COV,B20,B20,B20,Im_IMMUNODEF_COV
Immunodeficiencies any,ICD10CM,HIV infection- symptomatic,C0864665,symptomatic HIV infection,narrow,Im,IMMUNODEF,COV,B20,B20,B20,Im_IMMUNODEF_COV
Immunodeficiencies any,ICD10CM,Human immunodeficiency virus [HIV] disease,C0019693,HIV Infections,narrow,Im,IMMUNODEF,COV,B20,B20,B20,Im_IMMUNODEF_COV
Immunodeficiencies any,ICD10CM,Human immunodeficiency virus [HIV] disease,C0019693,HIV Infections,possible,Im,IMMUNODEF,COV,B20,B20,B20,Im_IMMUNODEF_COV
Immunodeficiencies any,ICD10CM,Human immunodeficiency virus [HIV] disease resulting in infectious and parasitic diseases,C0348209,HIV disease resulting in unspecified infectious or parasitic disease,narrow,Im,IMMUNODEF,COV,B20,B20,B20,Im_IMMUNODEF_COV
Immunodeficiencies any,ICD10CM,acquired immune deficiency syndrome [AIDS],C0001175,Acquired Immunodeficiency Syndrome,narrow,Im,IMMUNODEF,COV,B20,B20,B20,Im_IMMUNODEF_COV
Immunodeficiencies any,ICD10CM,Common variable immunodeficiency,C0009447,Common Variable Immunodeficiency,narrow,Im,IMMUNODEF,COV,D83,D83,D83,Im_IMMUNODEF_COV
Immunodeficiencies any,ICD10CM,Common variable immunodeficiency- unspecified,C0009447,Common Variable Immunodeficiency,narrow,Im,IMMUNODEF,COV,D83.9,D83.9,D83.9,Im_IMMUNODEF_COV
Immunodeficiencies any,ICD10CM,Common variable immunodeficiency- unspecified,C0009447,Common Variable Immunodeficiency,possible,Im,IMMUNODEF,COV,D83.9,D83.9,D83.9,Im_IMMUNODEF_COV
Schizophrenia,ICD9CM,Latent schizophrenia,"","",possible,Ment,SCHIZOPHRENIA,COV,295.5,295.5,295.5,Ment_SCHIZOPHRENIA_COV
Schizophrenia,ICD9CM,Latent schizophrenia- unspecified,"","",possible,Ment,SCHIZOPHRENIA,COV,295.50,295.50,295.50,Ment_SCHIZOPHRENIA_COV
Schizophrenia,ICD9CM,Latent schizophrenia- subchronic,"","",possible,Ment,SCHIZOPHRENIA,COV,295.51,295.51,295.51,Ment_SCHIZOPHRENIA_COV
