code,Varname
P60,B_DIC_AESI
D69.3,B_TP_AESI
13172003,B_TP_AESI
415116008,B_TP_AESI
234492001,B_TP_AESI
230245009,B_TP_AESI
234491008,B_TP_AESI
276574002,B_TP_AESI
191320003,B_TP_AESI
191315003,B_TP_AESI
410.9,C_AMI_AESI
29889000,C_AMI_AESI
27885002,C_ARRH_AESI
I50,C_HF_COV
I09.9,C_HF_COV
428,C_HF_COV
18472010,C_HF_COV
3152701000006117,C_HF_COV
3152721000006110,C_HF_COV
300190010,C_HF_COV
1490256017,C_HF_COV
3152711000006119,C_HF_COV
1216090015,C_HF_COV
301741013,C_HF_COV
301743011,C_HF_COV
412678013,C_HF_COV
195113008,C_HF_COV
I51.4,C_MYOCARD_AESI
429.0,C_MYOCARD_AESI
423.2,C_PERICARD_AESI
420.99,C_PERICARD_AESI
85598007,C_PERICARD_AESI
194919000,C_PERICARD_AESI
J6141,D_HEPATITISAUTOIMMUNE_COV
128241005,D_LIVERACUTE_AESI
235856003,D_LIVERACUTE_AESI
K85.9,D_PANCRACUTE_AESI
K85.1,D_PANCRACUTE_AESI
197461009,D_PANCRACUTE_AESI
E10.6,E_DM12_COV
E11.6,E_DM12_COV
E10.69,E_DM12_COV
250.7,E_DM12_COV
C10y0,E_DM12_COV
C108.,E_DM12_COV
C10E.,E_DM12_COV
190418009,E_DM12_COV
E06.5,E_THYROIDAUTOIMM_AESI
237501007,E_THYROIDAUTOIMM_AESI
26389007,E_THYROIDAUTOIMM_AESI
55807009,E_THYROIDAUTOIMM_AESI
66944004,E_THYROIDAUTOIMM_AESI
18018005,E_THYROIDAUTOIMM_AESI
361126006,E_THYROIDAUTOIMM_AESI
M45000,E_THYROIDAUTOIMM_AESI
237529005,E_THYROIDSUBACUTE_AESI
N04,G_KDCHRONIC_COV
270494003,G_KIACUTE_AESI
53556002,G_KIACUTE_AESI
64212008,G_KIACUTE_AESI
3704008,G_KIACUTE_AESI
710565001,G_KIACUTE_AESI
129561000119108,G_KIACUTE_AESI
32144005,G_KIACUTE_AESI
197670003,G_KIACUTE_AESI
42,I_AIDS_COV
187438009,I_AIDS_COV
187453001,I_AIDS_COV
186705005,I_AIDS_COV
51180003,I_CLOSTRIDIUMD_AESI
397696004,I_CLOSTRIDIUMD_AESI
A7y00,I_COVID19DX_AESI
88711001,I_COVID19DX_AESI
T78.2,Im_ANAPHYLAXIS_AESI
40394006,Im_ANAPHYLAXIS_AESI
35001004,Im_ANAPHYLAXIS_AESI
241951000,Im_ANAPHYLAXIS_AESI
236540009,Im_ANAPHYLAXIS_AESI
247472004,Im_ANAPHYLAXIS_AESI
T80.6,Im_HYPERSENS_AESI
583.1,Im_HYPERSENS_AESI
D81,Im_IMMUNODEF_COV
D83,Im_IMMUNODEF_COV
D83.9,Im_IMMUNODEF_COV
D71,Im_IMMUNODEF_COV
B20,Im_IMMUNODEF_COV
62479008,Im_IMMUNODEF_COV
23238000,Im_IMMUNODEF_COV
69518005,Im_IMMUNODEF_COV
24743004,Im_IMMUNODEF_COV
123321001,Im_IMMUNODEF_COV
36989005,Im_IMMUNODEF_COV
240526004,Im_IMMUNODEF_COV
186715004,Im_IMMUNODEF_COV
D71,Im_IMMUNODEFWITHOUTHIV_COV
D84,Im_IMMUNODEFWITHOUTHIV_COV
156729009,M_RHABDOMYOLISIS_AESI
268106003,M_RHABDOMYOLISIS_AESI
295.5,Ment_SCHIZOPHRENIA_COV
295.51,Ment_SCHIZOPHRENIA_COV
295.50,Ment_SCHIZOPHRENIA_COV
191478006,Ment_SCHIZOPHRENIA_COV
268622001,Ment_SCHIZOPHRENIA_COV
129604005,Ment_SCHIZOPHRENIA_COV
723901004,Ment_SCHIZOPHRENIA_COV
723900003,Ment_SCHIZOPHRENIA_COV
723899008,Ment_SCHIZOPHRENIA_COV
698951002,Ment_SCHIZOPHRENIA_COV
60123008,Ment_SCHIZOPHRENIA_COV
278508007,Ment_SCHIZOPHRENIA_COV
427975003,Ment_SCHIZOPHRENIA_COV
280949006,Ment_SCHIZOPHRENIA_COV
14144000,Ment_SCHIZOPHRENIA_COV
47447001,Ment_SCHIZOPHRENIA_COV
278506006,Ment_SCHIZOPHRENIA_COV
77475008,Ment_SCHIZOPHRENIA_COV
162313000,Ment_SCHIZOPHRENIA_COV
18573003,Ment_SCHIZOPHRENIA_COV
723913009,Ment_SCHIZOPHRENIA_COV
5510009,Ment_SCHIZOPHRENIA_COV
89618007,Ment_SCHIZOPHRENIA_COV
231487004,Ment_SCHIZOPHRENIA_COV
31081000119101,Ment_SCHIZOPHRENIA_COV
54502004,Ment_SCHIZOPHRENIA_COV
55009008,Ment_SCHIZOPHRENIA_COV
32552001,Ment_SCHIZOPHRENIA_COV
371024007,Ment_SCHIZOPHRENIA_COV
191670008,Ment_SCHIZOPHRENIA_COV
191668004,Ment_SCHIZOPHRENIA_COV
33323008,Ment_SCHIZOPHRENIA_COV
191672000,Ment_SCHIZOPHRENIA_COV
191667009,Ment_SCHIZOPHRENIA_COV
781.94,N_BELLP_AESI
438.83,N_BELLP_AESI
95666008,N_BELLP_AESI
90039006,N_BELLP_AESI
230414008,N_CONVULSION_AESI
65120008,N_CONVULSION_AESI
19598007,N_CONVULSION_AESI
352818000,N_CONVULSION_AESI
206733006,N_CONVULSION_AESI
4619009,N_CONVULSION_AESI
13973009,N_CONVULSION_AESI
246545002,N_CONVULSION_AESI
40956001,N_GBS_AESI
129629004,N_HEARINGLOSS_AESI
232323001,N_HEARINGLOSS_AESI
194421002,N_HEARINGLOSS_AESI
32735002,N_MENINGOENC_AESI
192682002,N_MYELITISTRANSV_AESI
91521000119104,N_NARCOLEPSY_AESI
95460007,N_STROKEISCH_AESI
95457000,N_STROKEISCH_AESI
155405006,N_STROKEISCH_AESI
266315008,N_STROKEISCH_AESI
I40,O_MIS_AESI
N17,O_MIS_AESI
C44,Onc_ANYMALIGNANCY_COV
67782005,R_ARDS_AESI
21341004,R_RESPCHRONIC_COV
278517007,R_RESPCHRONIC_COV
52571006,R_RESPCHRONIC_COV
155572007,R_RESPCHRONIC_COV
266395007,R_RESPCHRONIC_COV
L51.1,Sk_ERYTHMULTI_AESI
156362004,Sk_ERYTHMULTI_AESI
267848009,Sk_ERYTHMULTI_AESI
200919006,Sk_ERYTHMULTI_AESI
724833000,Sk_SCAR_AESI
I80,V_DVT_AESI
D59.4,V_MICROANGIO_AESI
13507004,V_MICROANGIO_AESI
N28.0,V_THROMBOSISARTERIAL_AESI
16026391000119106,V_THROMBOSISARTERIAL_AESI
195352009,V_VASCULITISSINGLEORG_AESI
60555002,V_VASCULITISSINGLEORG_AESI
