event_definition,coding_system,code_name,concept,concept_name,tags,system,event_abbreviation,type,code_rounding_issue,code_issue_dot,code,Varname
Thrombocytopenia,SCTSPA,Chronic idiopathic thrombocytopenic purpura,"","",possible,B,TP,AESI,13172003,13172003,13172003,B_TP_AESI
Thrombocytopenia,SCTSPA,enfermedad de Werlhof,C0398650,Immune thrombocytopenic purpura,narrow,B,TP,AESI,13172003,13172003,13172003,B_TP_AESI
Thrombocytopenia,SNOMEDCT_US,Autoimmune thrombocytopenic purpura,C0398650,Immune thrombocytopenic purpura,narrow,B,TP,AESI,13172003,13172003,13172003,B_TP_AESI
Thrombocytopenia,SNOMEDCT_US,Chronic idiopathic thrombocytopenic purpura,"","",narrow,B,TP,AESI,13172003,13172003,13172003,B_TP_AESI
Autoimmune thyroiditis,SCTSPA,Thyrotoxicosis due to acute thyroiditis,"","",possible,E,THYROIDAUTOIMM,AESI,237501007,237501007,237501007,E_THYROIDAUTOIMM_AESI
Autoimmune thyroiditis,SNOMEDCT_US,Thyrotoxicosis due to acute thyroiditis,"","",narrow,E,THYROIDAUTOIMM,AESI,237501007,237501007,237501007,E_THYROIDAUTOIMM_AESI
Autoimmune thyroiditis,SCTSPA,Thyrotoxicosis due to TSHoma,"","",possible,E,THYROIDAUTOIMM,AESI,237512007,237512007,237512007,E_THYROIDAUTOIMM_AESI
Autoimmune thyroiditis,SNOMEDCT_US,Thyrotoxicosis due to TSHoma,"","",narrow,E,THYROIDAUTOIMM,AESI,237512007,237512007,237512007,E_THYROIDAUTOIMM_AESI
Acute kidney injury,SCTSPA,Traumatic anuria - crush syndrome,"","",narrow,G,KIACUTE,AESI,236431008,236431008,236431008,G_KIACUTE_AESI
Acute kidney injury,SNOMEDCT_US,Traumatic anuria - crush syndrome,"","",possible,G,KIACUTE,AESI,236431008,236431008,236431008,G_KIACUTE_AESI
Generalized convulsion,SCTSPA,estado de gran mal,C0311335,Grand Mal Status Epilepticus,narrow,N,CONVULSION,AESI,13973009,13973009,13973009,N_CONVULSION_AESI
Generalized convulsion,SCTSPA,estado epilÃ©ptico,C0038220,Status Epilepticus,possible,N,CONVULSION,AESI,13973009,13973009,13973009,N_CONVULSION_AESI
Generalized convulsion,SNOMEDCT_US,Grand mal status,C0311335,Grand Mal Status Epilepticus,narrow,N,CONVULSION,AESI,13973009,13973009,13973009,N_CONVULSION_AESI
Generalized convulsion,SNOMEDCT_US,Status epilepticus,C0038220,Status Epilepticus,narrow,N,CONVULSION,AESI,13973009,13973009,13973009,N_CONVULSION_AESI
Generalized convulsion,SCTSPA,Generalized epilepsy,"","",possible,N,CONVULSION,AESI,19598007,19598007,19598007,N_CONVULSION_AESI
Generalized convulsion,SNOMEDCT_US,Generalized epilepsy,"","",narrow,N,CONVULSION,AESI,19598007,19598007,19598007,N_CONVULSION_AESI
Generalized convulsion,SNOMEDCT_US,Grand mal (major) epilepsy,"","",narrow,N,CONVULSION,AESI,19598007,19598007,19598007,N_CONVULSION_AESI
Generalized convulsion,SCTSPA,Tonic-clonic epilepsy,"","",possible,N,CONVULSION,AESI,352818000,352818000,352818000,N_CONVULSION_AESI
Generalized convulsion,SNOMEDCT_US,Grand mal epilepsy,"","",narrow,N,CONVULSION,AESI,352818000,352818000,352818000,N_CONVULSION_AESI
Generalized convulsion,SNOMEDCT_US,Tonic-clonic epilepsy,"","",narrow,N,CONVULSION,AESI,352818000,352818000,352818000,N_CONVULSION_AESI
Infarction cerebral stroke,SCTSPA,infarto cerebeloso,C0236073,Cerebellar infarction,narrow,N,STROKEISCH,AESI,95460007,95460007,95460007,N_STROKEISCH_AESI
Infarction cerebral stroke,SCTSPA,infartoÂ cerebeloso,"","",narrow,N,STROKEISCH,AESI,95460007,95460007,95460007,N_STROKEISCH_AESI
Infarction cerebral stroke,SNOMEDCT_US,Cerebellar infarction,"","",possible,N,STROKEISCH,AESI,95460007,95460007,95460007,N_STROKEISCH_AESI
Erythema multiforme,SNOMEDCT_US,Antibiotic necrolysis,C0014518,Toxic Epidermal Necrolysis,narrow,Sk,ERYTHMULTI,AESI,156362004,156362004,156362004,Sk_ERYTHMULTI_AESI
Erythema multiforme,SNOMEDCT_US,Erythema multiforme,C0014742,Erythema Multiforme,narrow,Sk,ERYTHMULTI,AESI,156362004,156362004,156362004,Sk_ERYTHMULTI_AESI
Erythema multiforme,SNOMEDCT_US,Stevens-Johnson synd.,C0038325,Stevens-Johnson Syndrome,possible,Sk,ERYTHMULTI,AESI,156362004,156362004,156362004,Sk_ERYTHMULTI_AESI
