event_definition,coding_system,code_name,concept,concept_name,tags,system,event_abbreviation,type,code_rounding_issue,code_issue_dot,code,Varname
Heart failure including chronic HF,MEDCODEID,Acute oedema of lung- unspecified,"","",narrow,C,HF,COV,1216090015,1216090015,1216090015,C_HF_COV
Heart failure including chronic HF,MEDCODEID,Acute pulmonary oedema NOS,"","",possible,C,HF,COV,1216090015,1216090015,1216090015,C_HF_COV
Heart failure including chronic HF,MEDCODEID,Acute oedema of lung,"","",narrow,C,HF,COV,1490256017,1490256017,1490256017,C_HF_COV
Heart failure including chronic HF,MEDCODEID,Acute pulmonary oedema unspecified,"","",possible,C,HF,COV,1490256017,1490256017,1490256017,C_HF_COV
Heart failure including chronic HF,MEDCODEID,Pulmonary oedema - acute,"","",possible,C,HF,COV,1490256017,1490256017,1490256017,C_HF_COV
Heart failure including chronic HF,SNOMEDCT_US,Asthma - cardiac,C1956414,Cardiac asthma,possble,C,HF,COV,195113008,195113008,195113008,C_HF_COV
Heart failure including chronic HF,SNOMEDCT_US,Left ventricular failure,C0023212,Left-Sided Heart Failure,narrow,C,HF,COV,195113008,195113008,195113008,C_HF_COV
Heart failure including chronic HF,SNOMEDCT_US,Pulmonary edema - acute,C0155919,Acute pulmonary edema,possible,C,HF,COV,195113008,195113008,195113008,C_HF_COV
Heart failure including chronic HF,MEDCODEID,Acute left ventricular failure,"","",narrow,C,HF,COV,300190010,300190010,300190010,C_HF_COV
Heart failure including chronic HF,MEDCODEID,Post cardiac operation functional disturbance,"","",possible,C,HF,COV,300190010,300190010,300190010,C_HF_COV
Heart failure including chronic HF,MEDCODEID,Acute oedema of lung- unspecified,"","",narrow,C,HF,COV,301741013,301741013,301741013,C_HF_COV
Heart failure including chronic HF,MEDCODEID,Acute pulmonary oedema unspecified,"","",possible,C,HF,COV,301741013,301741013,301741013,C_HF_COV
Heart failure including chronic HF,MEDCODEID,Acute pulmonary oedema NOS,"","",possible,C,HF,COV,301743011,301743011,301743011,C_HF_COV
Heart failure including chronic HF,MEDCODEID,Congestive heart failure,"","",narrow,C,HF,COV,301743011,301743011,301743011,C_HF_COV
Heart failure including chronic HF,MEDCODEID,Acute edema of lung,"","",narrow,C,HF,COV,3152701000006117,3152701000006117,3152701000006117,C_HF_COV
Heart failure including chronic HF,MEDCODEID,Acute pulmonary edema,"","",possible,C,HF,COV,3152701000006117,3152701000006117,3152701000006117,C_HF_COV
Heart failure including chronic HF,MEDCODEID,Acute oedema of lung,"","",narrow,C,HF,COV,3152711000006119,3152711000006119,3152711000006119,C_HF_COV
Heart failure including chronic HF,MEDCODEID,Pulmonary oedema - acute,"","",possible,C,HF,COV,3152711000006119,3152711000006119,3152711000006119,C_HF_COV
Heart failure including chronic HF,MEDCODEID,Acute edema of lung,"","",narrow,C,HF,COV,3152721000006110,3152721000006110,3152721000006110,C_HF_COV
Heart failure including chronic HF,MEDCODEID,Pulmonary oedema - acute,"","",possible,C,HF,COV,3152721000006110,3152721000006110,3152721000006110,C_HF_COV
Heart failure including chronic HF,MEDCODEID,Neonatal cardiac failure,"","",possible,C,HF,COV,412678013,412678013,412678013,C_HF_COV
Heart failure including chronic HF,MEDCODEID,Right ventricular failure,"","",narrow,C,HF,COV,412678013,412678013,412678013,C_HF_COV
Diabetes types 1 and 2,RCD,Diabetes mellitus- juvenile- + other specified manifestation,C0342261,Diabetes mellitus- juvenile type- with other specified manifestation,narrow,E,DM12,COV,C10y0,C10y0,C10y0,E_DM12_COV
Diabetes types 1 and 2,RCD,Diabetes mellitus- juvenile- + other specified manifestation,C0342261,Insulin-dependent diabetes mellitus with other specified complications,narrow,E,DM12,COV,C10y0,C10y0,C10y0,E_DM12_COV
Diabetes types 1 and 2,RCD2,Diab.mell.+oth manif.-juvenile,C0342261,Diabetes mellitus- juvenile type- with other specified manifestation,possible,E,DM12,COV,C10y0,C10y0,C10y0,E_DM12_COV
Diabetes types 1 and 2,RCD2,Diab.mell.+oth manif.-juvenile,C0342261,Insulin-dependent diabetes mellitus with other specified complications,narrow,E,DM12,COV,C10y0,C10y0,C10y0,E_DM12_COV
AIDS Charlson index,ICD9CM,Human immunodeficiency virus [HIV] disease,C0019693,HIV Infections,narrow,I,AIDS,COV,042,042,042,I_AIDS_COV
AIDS Charlson index,ICD9CM,Human immunodeficiency virus [HIV] disease,C0019693,HIV Infections,possible,I,AIDS,COV,042,042,042,I_AIDS_COV
Immunodeficiencies any,SCTSPA,infecciÃ³n por HTLV - III-LAV - RETIRADO -,C0019693,HIV Infections,possible,Im,IMMUNODEF,COV,123321001,123321001,123321001,Im_IMMUNODEF_COV
Immunodeficiencies any,SNOMEDCT_US,HTLV-III-LAV infection,C0019693,HIV Infections,narrow,Im,IMMUNODEF,COV,123321001,123321001,123321001,Im_IMMUNODEF_COV
Immunodeficiencies any,SCTSPA,sÃ­ndrome de infecciÃ³n por el HIV,C0001175,Acquired Immunodeficiency Syndrome,possible,Im,IMMUNODEF,COV,186715004,186715004,186715004,Im_IMMUNODEF_COV
Immunodeficiencies any,SNOMEDCT_US,Acquired human immunodeficiency virus infection syndrome NOS,C0001175,Acquired Immunodeficiency Syndrome,narrow,Im,IMMUNODEF,COV,186715004,186715004,186715004,Im_IMMUNODEF_COV
Immunodeficiencies any,SCTSPA,agammaglobulinemia variable comÃºn,C0009447,Common Variable Immunodeficiency,possible,Im,IMMUNODEF,COV,23238000,23238000,23238000,Im_IMMUNODEF_COV
Immunodeficiencies any,SNOMEDCT_US,Common variable agammaglobulinemia,C0009447,Common Variable Immunodeficiency,narrow,Im,IMMUNODEF,COV,23238000,23238000,23238000,Im_IMMUNODEF_COV
Immunodeficiencies any,SCTSPA,parotiditis urliana,C0026780,Mumps,narrow,Im,IMMUNODEF,COV,240526004,240526004,240526004,Im_IMMUNODEF_COV
Immunodeficiencies any,SNOMEDCT_US,Mumps parotitis,C0026780,Mumps,possible,Im,IMMUNODEF,COV,240526004,240526004,240526004,Im_IMMUNODEF_COV
Immunodeficiencies any,SCTSPA,enfermedad de deficiencia del sistema del complemento,C0272242,Complement Deficiencies,possible,Im,IMMUNODEF,COV,24743004,24743004,24743004,Im_IMMUNODEF_COV
Immunodeficiencies any,SNOMEDCT_US,Complement deficiency disease,C0272242,Complement Deficiencies,narrow,Im,IMMUNODEF,COV,24743004,24743004,24743004,Im_IMMUNODEF_COV
Immunodeficiencies any,SCTSPA,parotiditis,C0026780,Mumps,narrow,Im,IMMUNODEF,COV,36989005,36989005,36989005,Im_IMMUNODEF_COV
Immunodeficiencies any,SNOMEDCT_US,Mumps,C0026780,Mumps,possible,Im,IMMUNODEF,COV,36989005,36989005,36989005,Im_IMMUNODEF_COV
Immunodeficiencies any,SCTSPA,SIDA,C0001175,Acquired Immunodeficiency Syndrome,narrow,Im,IMMUNODEF,COV,62479008,62479008,62479008,Im_IMMUNODEF_COV
Immunodeficiencies any,SNOMEDCT_US,AIDS,C0001175,Acquired Immunodeficiency Syndrome,possible,Im,IMMUNODEF,COV,62479008,62479008,62479008,Im_IMMUNODEF_COV
Immunodeficiencies any,SCTSPA,anomalÃ­a congÃ©nita del aparato digestivo,C0266015,Congenital digestive system anomalies,narrow,Im,IMMUNODEF,COV,69518005,69518005,69518005,Im_IMMUNODEF_COV
Immunodeficiencies any,SNOMEDCT_US,Congenital anomaly of digestive system,C0266015,Congenital digestive system anomalies,possible,Im,IMMUNODEF,COV,69518005,69518005,69518005,Im_IMMUNODEF_COV
Immunodeficiencies any,ICD10,Human immunodeficiency virus [HIV] disease resulting in infectious and parasitic diseases,C0348209,HIV disease resulting in unspecified infectious or parasitic disease,narrow,Im,IMMUNODEF,COV,B20,B20,B20,Im_IMMUNODEF_COV
Immunodeficiencies any,ICD10CM,AIDS-related complex [ARC],C0001857,AIDS related complex,narrow,Im,IMMUNODEF,COV,B20,B20,B20,Im_IMMUNODEF_COV
Immunodeficiencies any,ICD10CM,HIV infection- symptomatic,C0864665,symptomatic HIV infection,narrow,Im,IMMUNODEF,COV,B20,B20,B20,Im_IMMUNODEF_COV
Immunodeficiencies any,ICD10CM,Human immunodeficiency virus [HIV] disease,C0019693,HIV Infections,narrow,Im,IMMUNODEF,COV,B20,B20,B20,Im_IMMUNODEF_COV
Immunodeficiencies any,ICD10CM,Human immunodeficiency virus [HIV] disease,C0019693,HIV Infections,possible,Im,IMMUNODEF,COV,B20,B20,B20,Im_IMMUNODEF_COV
Immunodeficiencies any,ICD10CM,Human immunodeficiency virus [HIV] disease resulting in infectious and parasitic diseases,C0348209,HIV disease resulting in unspecified infectious or parasitic disease,narrow,Im,IMMUNODEF,COV,B20,B20,B20,Im_IMMUNODEF_COV
Immunodeficiencies any,ICD10CM,acquired immune deficiency syndrome [AIDS],C0001175,Acquired Immunodeficiency Syndrome,narrow,Im,IMMUNODEF,COV,B20,B20,B20,Im_IMMUNODEF_COV
Immunodeficiencies any,ICD10,Common variable immunodeficiency,C0009447,Common Variable Immunodeficiency,possible,Im,IMMUNODEF,COV,D83,D83,D83,Im_IMMUNODEF_COV
Immunodeficiencies any,ICD10CM,Common variable immunodeficiency,C0009447,Common Variable Immunodeficiency,narrow,Im,IMMUNODEF,COV,D83,D83,D83,Im_IMMUNODEF_COV
Immunodeficiencies any,ICD10,Common variable immunodeficiency- unspecified,C0009447,Common Variable Immunodeficiency,narrow,Im,IMMUNODEF,COV,D83.9,D83.9,D83.9,Im_IMMUNODEF_COV
Immunodeficiencies any,ICD10CM,Common variable immunodeficiency- unspecified,C0009447,Common Variable Immunodeficiency,narrow,Im,IMMUNODEF,COV,D83.9,D83.9,D83.9,Im_IMMUNODEF_COV
Immunodeficiencies any,ICD10CM,Common variable immunodeficiency- unspecified,C0009447,Common Variable Immunodeficiency,possible,Im,IMMUNODEF,COV,D83.9,D83.9,D83.9,Im_IMMUNODEF_COV
Schizophrenia,SCTSPA,Delusion of heart disease syndrome (disorder),"","",possible,Ment,SCHIZOPHRENIA,COV,129604005,129604005,129604005,Ment_SCHIZOPHRENIA_COV
Schizophrenia,SNOMEDCT_US,Delusion of heart disease syndrome (disorder),"","",narrow,Ment,SCHIZOPHRENIA,COV,129604005,129604005,129604005,Ment_SCHIZOPHRENIA_COV
Schizophrenia,SCTSPA,Erotomanic delusion disorder (disorder),"","",possible,Ment,SCHIZOPHRENIA,COV,14144000,14144000,14144000,Ment_SCHIZOPHRENIA_COV
Schizophrenia,SNOMEDCT_US,Erotomanic delusion disorder (disorder),"","",narrow,Ment,SCHIZOPHRENIA,COV,14144000,14144000,14144000,Ment_SCHIZOPHRENIA_COV
Schizophrenia,SCTSPA,Morbid jealousy (disorder),"","",possible,Ment,SCHIZOPHRENIA,COV,162313000,162313000,162313000,Ment_SCHIZOPHRENIA_COV
Schizophrenia,SNOMEDCT_US,Morbid jealousy (disorder),"","",narrow,Ment,SCHIZOPHRENIA,COV,162313000,162313000,162313000,Ment_SCHIZOPHRENIA_COV
Schizophrenia,SCTSPA,Obsessional erotomania (disorder),"","",possible,Ment,SCHIZOPHRENIA,COV,18573003,18573003,18573003,Ment_SCHIZOPHRENIA_COV
Schizophrenia,SNOMEDCT_US,Obsessional erotomania (disorder),"","",narrow,Ment,SCHIZOPHRENIA,COV,18573003,18573003,18573003,Ment_SCHIZOPHRENIA_COV
Schizophrenia,SCTSPA,Alcoholic paranoia (disorder),"","",possible,Ment,SCHIZOPHRENIA,COV,191478006,191478006,191478006,Ment_SCHIZOPHRENIA_COV
Schizophrenia,SNOMEDCT_US,Alcoholic paranoia (disorder),"","",narrow,Ment,SCHIZOPHRENIA,COV,191478006,191478006,191478006,Ment_SCHIZOPHRENIA_COV
Schizophrenia,SCTSPA,trastorno paranoide,C1456784,Paranoia,possible,Ment,SCHIZOPHRENIA,COV,191667009,191667009,191667009,Ment_SCHIZOPHRENIA_COV
Schizophrenia,SNOMEDCT_US,Paranoid disorder (disorder),"","",narrow,Ment,SCHIZOPHRENIA,COV,191667009,191667009,191667009,Ment_SCHIZOPHRENIA_COV
Schizophrenia,SCTSPA,Simple paranoid state (disorder),"","",possible,Ment,SCHIZOPHRENIA,COV,191668004,191668004,191668004,Ment_SCHIZOPHRENIA_COV
Schizophrenia,SNOMEDCT_US,Simple paranoid state (disorder),"","",narrow,Ment,SCHIZOPHRENIA,COV,191668004,191668004,191668004,Ment_SCHIZOPHRENIA_COV
Schizophrenia,SCTSPA,Shared paranoid disorder (disorder),"","",possible,Ment,SCHIZOPHRENIA,COV,191670008,191670008,191670008,Ment_SCHIZOPHRENIA_COV
Schizophrenia,SNOMEDCT_US,Shared paranoid disorder (disorder),"","",narrow,Ment,SCHIZOPHRENIA,COV,191670008,191670008,191670008,Ment_SCHIZOPHRENIA_COV
Schizophrenia,SCTSPA,paranoia querellante,C0338819,Paranoia querulans,possible,Ment,SCHIZOPHRENIA,COV,191672000,191672000,191672000,Ment_SCHIZOPHRENIA_COV
Schizophrenia,SNOMEDCT_US,Paranoia querulans (disorder),"","",narrow,Ment,SCHIZOPHRENIA,COV,191672000,191672000,191672000,Ment_SCHIZOPHRENIA_COV
Schizophrenia,SCTSPA,Persistent delusional disorder (disorder),"","",possible,Ment,SCHIZOPHRENIA,COV,231487004,231487004,231487004,Ment_SCHIZOPHRENIA_COV
Schizophrenia,SNOMEDCT_US,Persistent delusional disorder (disorder),"","",narrow,Ment,SCHIZOPHRENIA,COV,231487004,231487004,231487004,Ment_SCHIZOPHRENIA_COV
Schizophrenia,SCTSPA,Chronic paranoid psychosis (disorder),"","",possible,Ment,SCHIZOPHRENIA,COV,268622001,268622001,268622001,Ment_SCHIZOPHRENIA_COV
Schizophrenia,SNOMEDCT_US,Chronic paranoid psychosis (disorder),"","",narrow,Ment,SCHIZOPHRENIA,COV,268622001,268622001,268622001,Ment_SCHIZOPHRENIA_COV
Schizophrenia,SCTSPA,Involutional paranoid state (disorder),"","",possible,Ment,SCHIZOPHRENIA,COV,278506006,278506006,278506006,Ment_SCHIZOPHRENIA_COV
Schizophrenia,SNOMEDCT_US,Involutional paranoid state (disorder),"","",narrow,Ment,SCHIZOPHRENIA,COV,278506006,278506006,278506006,Ment_SCHIZOPHRENIA_COV
Schizophrenia,SCTSPA,Delusional dysmorphophobia (disorder),"","",possible,Ment,SCHIZOPHRENIA,COV,278508007,278508007,278508007,Ment_SCHIZOPHRENIA_COV
Schizophrenia,SNOMEDCT_US,Delusional dysmorphophobia (disorder),"","",narrow,Ment,SCHIZOPHRENIA,COV,278508007,278508007,278508007,Ment_SCHIZOPHRENIA_COV
Schizophrenia,SCTSPA,Erotomania (disorder),"","",possible,Ment,SCHIZOPHRENIA,COV,280949006,280949006,280949006,Ment_SCHIZOPHRENIA_COV
Schizophrenia,SNOMEDCT_US,Erotomania (disorder),"","",narrow,Ment,SCHIZOPHRENIA,COV,280949006,280949006,280949006,Ment_SCHIZOPHRENIA_COV
Schizophrenia,ICD9CM,Latent schizophrenia,"","",possible,Ment,SCHIZOPHRENIA,COV,295.5,295.5,295.5,Ment_SCHIZOPHRENIA_COV
Schizophrenia,MTHICD9,Latent schizophrenic reaction,C0023105,Schizophrenia- Latent,narrow,Ment,SCHIZOPHRENIA,COV,295.5,295.5,295.5,Ment_SCHIZOPHRENIA_COV
Schizophrenia,ICD9CM,Latent schizophrenia- unspecified,"","",possible,Ment,SCHIZOPHRENIA,COV,295.50,295.50,295.50,Ment_SCHIZOPHRENIA_COV
Schizophrenia,MTHICD9,Latent schizophrenia- unspecified state,C0023105,Schizophrenia- Latent,narrow,Ment,SCHIZOPHRENIA,COV,295.50,295.50,295.50,Ment_SCHIZOPHRENIA_COV
Schizophrenia,ICD9CM,Latent schizophrenia- subchronic,"","",possible,Ment,SCHIZOPHRENIA,COV,295.51,295.51,295.51,Ment_SCHIZOPHRENIA_COV
Schizophrenia,MTHICD9,Latent schizophrenia- subchronic state,C0338810,Subchronic latent schizophrenia,narrow,Ment,SCHIZOPHRENIA,COV,295.51,295.51,295.51,Ment_SCHIZOPHRENIA_COV
Schizophrenia,SCTSPA,Presenile dementia with delusions (disorder),"","",possible,Ment,SCHIZOPHRENIA,COV,31081000119101,31081000119101,31081000119101,Ment_SCHIZOPHRENIA_COV
Schizophrenia,SNOMEDCT_US,Presenile dementia with delusions (disorder),"","",narrow,Ment,SCHIZOPHRENIA,COV,31081000119101,31081000119101,31081000119101,Ment_SCHIZOPHRENIA_COV
Schizophrenia,SCTSPA,Psychoactive substance-induced organic delusional disorder (disorder),"","",possible,Ment,SCHIZOPHRENIA,COV,32552001,32552001,32552001,Ment_SCHIZOPHRENIA_COV
Schizophrenia,SNOMEDCT_US,Psychoactive substance-induced organic delusional disorder (disorder),"","",narrow,Ment,SCHIZOPHRENIA,COV,32552001,32552001,32552001,Ment_SCHIZOPHRENIA_COV
Schizophrenia,SCTSPA,Somatic delusion disorder (disorder),"","",possible,Ment,SCHIZOPHRENIA,COV,33323008,33323008,33323008,Ment_SCHIZOPHRENIA_COV
Schizophrenia,SNOMEDCT_US,Somatic delusion disorder (disorder),"","",narrow,Ment,SCHIZOPHRENIA,COV,33323008,33323008,33323008,Ment_SCHIZOPHRENIA_COV
Schizophrenia,SCTSPA,Senile dementia with delusion (disorder),"","",possible,Ment,SCHIZOPHRENIA,COV,371024007,371024007,371024007,Ment_SCHIZOPHRENIA_COV
Schizophrenia,SNOMEDCT_US,Senile dementia with delusion (disorder),"","",narrow,Ment,SCHIZOPHRENIA,COV,371024007,371024007,371024007,Ment_SCHIZOPHRENIA_COV
Schizophrenia,SCTSPA,Drug-induced delusional disorder (disorder),"","",possible,Ment,SCHIZOPHRENIA,COV,427975003,427975003,427975003,Ment_SCHIZOPHRENIA_COV
Schizophrenia,SNOMEDCT_US,Drug-induced delusional disorder (disorder),"","",narrow,Ment,SCHIZOPHRENIA,COV,427975003,427975003,427975003,Ment_SCHIZOPHRENIA_COV
Schizophrenia,SCTSPA,Grandiose delusion disorder (disorder),"","",possible,Ment,SCHIZOPHRENIA,COV,47447001,47447001,47447001,Ment_SCHIZOPHRENIA_COV
Schizophrenia,SNOMEDCT_US,Grandiose delusion disorder (disorder),"","",narrow,Ment,SCHIZOPHRENIA,COV,47447001,47447001,47447001,Ment_SCHIZOPHRENIA_COV
Schizophrenia,SCTSPA,Primary degenerative dementia of the Alzheimer type- presenile onset- with delusions (disorder),"","",possible,Ment,SCHIZOPHRENIA,COV,54502004,54502004,54502004,Ment_SCHIZOPHRENIA_COV
Schizophrenia,SNOMEDCT_US,Primary degenerative dementia of the Alzheimer type- presenile onset- with delusions (disorder),"","",narrow,Ment,SCHIZOPHRENIA,COV,54502004,54502004,54502004,Ment_SCHIZOPHRENIA_COV
Schizophrenia,SCTSPA,Primary degenerative dementia of the Alzheimer type- senile onset- with delusions (disorder),"","",possible,Ment,SCHIZOPHRENIA,COV,55009008,55009008,55009008,Ment_SCHIZOPHRENIA_COV
Schizophrenia,SNOMEDCT_US,Primary degenerative dementia of the Alzheimer type- senile onset- with delusions (disorder),"","",narrow,Ment,SCHIZOPHRENIA,COV,55009008,55009008,55009008,Ment_SCHIZOPHRENIA_COV
Schizophrenia,SCTSPA,Organic delusional disorder (disorder),"","",possible,Ment,SCHIZOPHRENIA,COV,5510009,5510009,5510009,Ment_SCHIZOPHRENIA_COV
Schizophrenia,SNOMEDCT_US,Organic delusional disorder (disorder),"","",narrow,Ment,SCHIZOPHRENIA,COV,5510009,5510009,5510009,Ment_SCHIZOPHRENIA_COV
Schizophrenia,SCTSPA,Delusional disorder- mixed type (disorder),"","",possible,Ment,SCHIZOPHRENIA,COV,60123008,60123008,60123008,Ment_SCHIZOPHRENIA_COV
Schizophrenia,SNOMEDCT_US,Delusional disorder- mixed type (disorder),"","",narrow,Ment,SCHIZOPHRENIA,COV,60123008,60123008,60123008,Ment_SCHIZOPHRENIA_COV
Schizophrenia,SCTSPA,Delusional disorder in remission (disorder),"","",possible,Ment,SCHIZOPHRENIA,COV,698951002,698951002,698951002,Ment_SCHIZOPHRENIA_COV
Schizophrenia,SNOMEDCT_US,Delusional disorder in remission (disorder),"","",narrow,Ment,SCHIZOPHRENIA,COV,698951002,698951002,698951002,Ment_SCHIZOPHRENIA_COV
Schizophrenia,SCTSPA,Delusional disorder currently symptomatic (disorder),"","",possible,Ment,SCHIZOPHRENIA,COV,723899008,723899008,723899008,Ment_SCHIZOPHRENIA_COV
Schizophrenia,SNOMEDCT_US,Delusional disorder currently symptomatic (disorder),"","",narrow,Ment,SCHIZOPHRENIA,COV,723899008,723899008,723899008,Ment_SCHIZOPHRENIA_COV
Schizophrenia,SCTSPA,Delusional disorder currently in partial remission (disorder),"","",possible,Ment,SCHIZOPHRENIA,COV,723900003,723900003,723900003,Ment_SCHIZOPHRENIA_COV
Schizophrenia,SNOMEDCT_US,Delusional disorder currently in partial remission (disorder),"","",narrow,Ment,SCHIZOPHRENIA,COV,723900003,723900003,723900003,Ment_SCHIZOPHRENIA_COV
Schizophrenia,SCTSPA,Delusional disorder currently in full remission (disorder),"","",possible,Ment,SCHIZOPHRENIA,COV,723901004,723901004,723901004,Ment_SCHIZOPHRENIA_COV
Schizophrenia,SNOMEDCT_US,Delusional disorder currently in full remission (disorder),"","",narrow,Ment,SCHIZOPHRENIA,COV,723901004,723901004,723901004,Ment_SCHIZOPHRENIA_COV
Schizophrenia,SCTSPA,Olfactory reference disorder (disorder),"","",possible,Ment,SCHIZOPHRENIA,COV,723913009,723913009,723913009,Ment_SCHIZOPHRENIA_COV
Schizophrenia,SNOMEDCT_US,Olfactory reference disorder (disorder),"","",narrow,Ment,SCHIZOPHRENIA,COV,723913009,723913009,723913009,Ment_SCHIZOPHRENIA_COV
Schizophrenia,SCTSPA,Jealous delusion disorder (disorder),"","",possible,Ment,SCHIZOPHRENIA,COV,77475008,77475008,77475008,Ment_SCHIZOPHRENIA_COV
Schizophrenia,SNOMEDCT_US,Jealous delusion disorder (disorder),"","",narrow,Ment,SCHIZOPHRENIA,COV,77475008,77475008,77475008,Ment_SCHIZOPHRENIA_COV
Schizophrenia,SCTSPA,Persecutory delusion disorder (disorder),"","",possible,Ment,SCHIZOPHRENIA,COV,89618007,89618007,89618007,Ment_SCHIZOPHRENIA_COV
Schizophrenia,SNOMEDCT_US,Persecutory delusion disorder (disorder),"","",narrow,Ment,SCHIZOPHRENIA,COV,89618007,89618007,89618007,Ment_SCHIZOPHRENIA_COV
Respiratory disease chronic,SNOMEDCT_US,Chronic bronchitis NOS,C0008677,Bronchitis- Chronic,narrow,R,RESPCHRONIC,COV,155572007,155572007,155572007,R_RESPCHRONIC_COV
Respiratory disease chronic,SNOMEDCT_US,Chronic tracheobronchitis,C0264323,Chronic tracheobronchitis,possible,R,RESPCHRONIC,COV,155572007,155572007,155572007,R_RESPCHRONIC_COV
Respiratory disease chronic,SCTSPA,asma,C0004096,Asthma,narrow,R,RESPCHRONIC,COV,21341004,21341004,21341004,R_RESPCHRONIC_COV
Respiratory disease chronic,SCTSPA,bronquitis alÃ©rgica,C1260881,Allergic bronchitis,possible,R,RESPCHRONIC,COV,21341004,21341004,21341004,R_RESPCHRONIC_COV
Respiratory disease chronic,SNOMEDCT_US,Asthma,C0004096,Asthma,narrow,R,RESPCHRONIC,COV,21341004,21341004,21341004,R_RESPCHRONIC_COV
Respiratory disease chronic,SNOMEDCT_US,Chronic bronchitis NOS,C0008677,Bronchitis- Chronic,narrow,R,RESPCHRONIC,COV,266395007,266395007,266395007,R_RESPCHRONIC_COV
Respiratory disease chronic,SNOMEDCT_US,Chronic tracheobronchitis,C0264323,Chronic tracheobronchitis,possible,R,RESPCHRONIC,COV,266395007,266395007,266395007,R_RESPCHRONIC_COV
Respiratory disease chronic,SCTSPA,bronquitis alÃ©rgica,C1260881,Allergic bronchitis,possible,R,RESPCHRONIC,COV,278517007,278517007,278517007,R_RESPCHRONIC_COV
Respiratory disease chronic,SNOMEDCT_US,Asthma,C0004096,Asthma,narrow,R,RESPCHRONIC,COV,278517007,278517007,278517007,R_RESPCHRONIC_COV
Respiratory disease chronic,SCTSPA,traqueobronquitis crÃ³nica,C0264323,Chronic tracheobronchitis,narrow,R,RESPCHRONIC,COV,52571006,52571006,52571006,R_RESPCHRONIC_COV
Respiratory disease chronic,SNOMEDCT_US,Chronic tracheobronchitis,C0264323,Chronic tracheobronchitis,possible,R,RESPCHRONIC,COV,52571006,52571006,52571006,R_RESPCHRONIC_COV
