Varname,code,event_definition,coding_system,code_name,concept,concept_name,tags,system,event_abbreviation,type,code_rounding_issue,code_issue_dot
B_DIC_AESI,P60,Coagulation disseminated intravascular,ICD10,Disseminated intravascular coagulation of fetus and newborn,C0158992,Disseminated intravascular coagulation in newborn,narrow,B,DIC,AESI,P60,P60
B_DIC_AESI,P60,Coagulation disseminated intravascular,ICD10,Disseminated intravascular coagulation of fetus and newborn,C0158992,Disseminated intravascular coagulation in newborn,narrow,B,DIC,AESI,P60,P60
B_DIC_AESI,P60,Coagulation disseminated intravascular,ICD10CM,Disseminated intravascular coagulation of fetus and newborn,C0158992,Disseminated intravascular coagulation in newborn,narrow,B,DIC,AESI,P60,P60
B_DIC_AESI,P60,Coagulation disseminated intravascular,ICD10CM,Disseminated intravascular coagulation of newborn,"","",narrow,B,DIC,AESI,P60,P60
B_DIC_AESI,P60,Coagulation disseminated intravascular,ICD10CM,Disseminated intravascular coagulation of newborn,C0158992,Disseminated intravascular coagulation in newborn,narrow,B,DIC,AESI,P60,P60
B_DIC_AESI,P60,Coagulation disseminated intravascular,ICD9CM,Defibrination syndrome,C0012739,Disseminated Intravascular Coagulation,exclude,B,DIC,AESI,P60,P60
B_TP_AESI,13172003,Thrombocytopenia,SCTSPA,Chronic idiopathic thrombocytopenic purpura,"","",possible,B,TP,AESI,13172003,13172003
B_TP_AESI,13172003,Thrombocytopenia,SCTSPA,enfermedad de Werlhof,C0398650,Immune thrombocytopenic purpura,narrow,B,TP,AESI,13172003,13172003
B_TP_AESI,13172003,Thrombocytopenia,SNOMEDCT_US,Autoimmune thrombocytopenic purpura,C0398650,Immune thrombocytopenic purpura,narrow,B,TP,AESI,13172003,13172003
B_TP_AESI,13172003,Thrombocytopenia,SNOMEDCT_US,Chronic idiopathic thrombocytopenic purpura,"","",possible,B,TP,AESI,13172003,13172003
B_TP_AESI,191315003,Thrombocytopenia,SNOMEDCT_US,Evan-s syndrome,C0272126,Evan-s syndrome,possible,B,TP,AESI,191315003,191315003
B_TP_AESI,191315003,Thrombocytopenia,SNOMEDCT_US,Idiopathic purpura,C0398650,Immune thrombocytopenic purpura,narrow,B,TP,AESI,191315003,191315003
B_TP_AESI,191315003,Thrombocytopenia,SNOMEDCT_US,Thrombocytopenic purpura,C0857305,Thrombocytopenic purpura,narrow,B,TP,AESI,191315003,191315003
B_TP_AESI,191320003,Thrombocytopenia,SNOMEDCT_US,Essential thrombocytopenia NOS,C0677060,Essential thrombocytopenia NOS,possible,B,TP,AESI,191320003,191320003
B_TP_AESI,191320003,Thrombocytopenia,SNOMEDCT_US,Primary thrombocytopenia NOS,C0701157,Primary thrombocytopenia,narrow,B,TP,AESI,191320003,191320003
B_TP_AESI,230245009,Thrombocytopenia,SCTSPA,trombocitopenia neonatal aloinmune,C3853779,Neonatal Alloimmune Thrombocytopenia,narrow,B,TP,AESI,230245009,230245009
B_TP_AESI,230245009,Thrombocytopenia,SNOMEDCT_US,NATP,C3853779,Neonatal Alloimmune Thrombocytopenia,possible,B,TP,AESI,230245009,230245009
B_TP_AESI,234491008,Thrombocytopenia,SCTSPA,trombocitopenia neonatal isoinmune,C3853779,Neonatal Alloimmune Thrombocytopenia,narrow,B,TP,AESI,234491008,234491008
B_TP_AESI,234491008,Thrombocytopenia,SNOMEDCT_US,INT - Isoimmune neonatal thrombocytopenia,C3853779,Neonatal Alloimmune Thrombocytopenia,possible,B,TP,AESI,234491008,234491008
B_TP_AESI,234492001,Thrombocytopenia,SCTSPA,trombocitopenia aloinmunitaria neonatal,C3853779,Neonatal Alloimmune Thrombocytopenia,narrow,B,TP,AESI,234492001,234492001
B_TP_AESI,234492001,Thrombocytopenia,SNOMEDCT_US,Alloimmune neonatal thrombocytopenia,C3853779,Neonatal Alloimmune Thrombocytopenia,possible,B,TP,AESI,234492001,234492001
B_TP_AESI,276574002,Thrombocytopenia,SCTSPA,trombocitopenia neonatal isoinmune,C3853779,Neonatal Alloimmune Thrombocytopenia,narrow,B,TP,AESI,276574002,276574002
B_TP_AESI,276574002,Thrombocytopenia,SNOMEDCT_US,INT - Isoimmune neonatal thrombocytopenia,C3853779,Neonatal Alloimmune Thrombocytopenia,possible,B,TP,AESI,276574002,276574002
B_TP_AESI,415116008,Thrombocytopenia,SCTSPA,Recuento plaquetario por debajo del rango de referencia,C0040034,Thrombocytopenia,narrow,B,TP,AESI,415116008,415116008
B_TP_AESI,415116008,Thrombocytopenia,SCTSPA,recuento plaquetario por debajo del rango de referencia,C0392386,Decreased platelet count,possible,B,TP,AESI,415116008,415116008
B_TP_AESI,415116008,Thrombocytopenia,SCTSPA,trombocitopenia,C0040034,Thrombocytopenia,narrow,B,TP,AESI,415116008,415116008
B_TP_AESI,415116008,Thrombocytopenia,SNOMEDCT_US,Platelet count below reference range,C0392386,Decreased platelet count,narrow,B,TP,AESI,415116008,415116008
B_TP_AESI,415116008,Thrombocytopenia,SNOMEDCT_US,Thrombocytopenia,C0040034,Thrombocytopenia,narrow,B,TP,AESI,415116008,415116008
B_TP_AESI,D69.3,Thrombocytopenia,ICD10,Idiopathic thrombocytopenic purpura,C0398650,Immune thrombocytopenic purpura,narrow,B,TP,AESI,D69.3,D69.3
B_TP_AESI,D69.3,Thrombocytopenia,ICD10CM,Hemorrhagic (thrombocytopenic) purpura,C2873806,Hemorrhagic (thrombocytopenic) purpura,narrow,B,TP,AESI,D69.3,D69.3
B_TP_AESI,D69.3,Thrombocytopenia,ICD10CM,Idiopathic thrombocytopenic purpura,C0398650,Immune thrombocytopenic purpura,narrow,B,TP,AESI,D69.3,D69.3
B_TP_AESI,D69.3,Thrombocytopenia,ICD10CM,Immune thrombocytopenic purpura,C0398650,Immune thrombocytopenic purpura,narrow,B,TP,AESI,D69.3,D69.3
B_TP_AESI,D69.3,Thrombocytopenia,ICD10CM,Tidal platelet dysgenesis,C0272282,Thrombocytopenia- cyclic,possible,B,TP,AESI,D69.3,D69.3
C_AMI_AESI,29889000,Infarction myocardial,SCTSPA,ruptura del corazón,C0018813,Myocardial rupture,possible,C,AMI,AESI,29889000,29889000
C_AMI_AESI,29889000,Infarction myocardial,SNOMEDCT_US,Rupture of heart,C0018813,Myocardial rupture,narrow,C,AMI,AESI,29889000,29889000
C_AMI_AESI,410.9,Infarction myocardial,ICD9CM,Acute myocardial infarction of unspecified site,"","",possible,C,AMI,AESI,410.9,410.9
C_AMI_AESI,410.9,Infarction myocardial,ICD9CM,Acute myocardial infarction of unspecified site- episode of care unspecified,C0155626,Acute myocardial infarction,narrow,C,AMI,AESI,410.9,410.9
C_AMI_AESI,410.9,Infarction myocardial,ICD9CM,Acute myocardial infarction- unspecified site,C0155626,Acute myocardial infarction,narrow,C,AMI,AESI,410.9,410.9
C_ARRH_AESI,27885002,Arrythmia all,SNOMEDCT_US,Atrioventricular dissociation,"","",narrow,C,ARRH,AESI,27885002,27885002
C_ARRH_AESI,27885002,Arrythmia all,SNOMEDCT_US,CHB - Complete heart block,"","",narrow,C,ARRH,AESI,27885002,27885002
C_ARRH_AESI,27885002,Arrythmia all,SNOMEDCT_US,Complete atrioventric. block,"","",narrow,C,ARRH,AESI,27885002,27885002
C_ARRH_AESI,27885002,Arrythmia all,SNOMEDCT_US,Complete atrioventricular block,"","",narrow,C,ARRH,AESI,27885002,27885002
C_ARRH_AESI,27885002,Arrythmia all,SNOMEDCT_US,Complete heart block,"","",narrow,C,ARRH,AESI,27885002,27885002
C_ARRH_AESI,27885002,Arrythmia all,SNOMEDCT_US,Congenital heart block NOS,"","",possible,C,ARRH,AESI,27885002,27885002
C_ARRH_AESI,27885002,Arrythmia all,SNOMEDCT_US,Congenital heart block- unspecified,"","",possible,C,ARRH,AESI,27885002,27885002
C_ARRH_AESI,27885002,Arrythmia all,SNOMEDCT_US,High grade atrioventricular block,"","",narrow,C,ARRH,AESI,27885002,27885002
C_ARRH_AESI,27885002,Arrythmia all,SNOMEDCT_US,Third degree atrioventricular block,"","",narrow,C,ARRH,AESI,27885002,27885002
C_HF_COV,1216090015,Heart failure including chronic HF,MEDCODEID,Acute oedema of lung- unspecified,"","",narrow,C,HF,COV,1216090015,1216090015
C_HF_COV,1216090015,Heart failure including chronic HF,MEDCODEID,Acute pulmonary oedema NOS,"","",possible,C,HF,COV,1216090015,1216090015
C_HF_COV,1490256017,Heart failure including chronic HF,MEDCODEID,Acute oedema of lung,"","",narrow,C,HF,COV,1490256017,1490256017
C_HF_COV,1490256017,Heart failure including chronic HF,MEDCODEID,Acute pulmonary oedema unspecified,"","",possible,C,HF,COV,1490256017,1490256017
C_HF_COV,1490256017,Heart failure including chronic HF,MEDCODEID,Pulmonary oedema - acute,"","",possible,C,HF,COV,1490256017,1490256017
C_HF_COV,18472010,Heart failure including chronic HF,MEDCODEID,Acute congestive heart failure,"","",narrow,C,HF,COV,18472010,18472010
C_HF_COV,18472010,Heart failure including chronic HF,MEDCODEID,Cardiac tamponade,"","",possible,C,HF,COV,18472010,18472010
C_HF_COV,195113008,Heart failure including chronic HF,SNOMEDCT_US,Asthma - cardiac,C1956414,Cardiac asthma,narrow,C,HF,COV,195113008,195113008
C_HF_COV,195113008,Heart failure including chronic HF,SNOMEDCT_US,Left ventricular failure,C0023212,Left-Sided Heart Failure,narrow,C,HF,COV,195113008,195113008
C_HF_COV,195113008,Heart failure including chronic HF,SNOMEDCT_US,Pulmonary edema - acute,C0155919,Acute pulmonary edema,possible,C,HF,COV,195113008,195113008
C_HF_COV,300190010,Heart failure including chronic HF,MEDCODEID,Acute left ventricular failure,"","",narrow,C,HF,COV,300190010,300190010
C_HF_COV,300190010,Heart failure including chronic HF,MEDCODEID,Post cardiac operation functional disturbance,"","",possible,C,HF,COV,300190010,300190010
C_HF_COV,301741013,Heart failure including chronic HF,MEDCODEID,Acute oedema of lung- unspecified,"","",narrow,C,HF,COV,301741013,301741013
C_HF_COV,301741013,Heart failure including chronic HF,MEDCODEID,Acute pulmonary oedema unspecified,"","",possible,C,HF,COV,301741013,301741013
C_HF_COV,301743011,Heart failure including chronic HF,MEDCODEID,Acute pulmonary oedema NOS,"","",possible,C,HF,COV,301743011,301743011
C_HF_COV,301743011,Heart failure including chronic HF,MEDCODEID,Congestive heart failure,"","",narrow,C,HF,COV,301743011,301743011
C_HF_COV,3152701000006117,Heart failure including chronic HF,MEDCODEID,Acute edema of lung,"","",narrow,C,HF,COV,3152701000006117,3152701000006117
C_HF_COV,3152701000006117,Heart failure including chronic HF,MEDCODEID,Acute pulmonary edema,"","",possible,C,HF,COV,3152701000006117,3152701000006117
C_HF_COV,3152711000006119,Heart failure including chronic HF,MEDCODEID,Acute oedema of lung,"","",narrow,C,HF,COV,3152711000006119,3152711000006119
C_HF_COV,3152711000006119,Heart failure including chronic HF,MEDCODEID,Pulmonary oedema - acute,"","",possible,C,HF,COV,3152711000006119,3152711000006119
C_HF_COV,3152721000006110,Heart failure including chronic HF,MEDCODEID,Acute edema of lung,"","",narrow,C,HF,COV,3152721000006110,3152721000006110
C_HF_COV,3152721000006110,Heart failure including chronic HF,MEDCODEID,Pulmonary oedema - acute,"","",possible,C,HF,COV,3152721000006110,3152721000006110
C_HF_COV,412678013,Heart failure including chronic HF,MEDCODEID,Neonatal cardiac failure,"","",possible,C,HF,COV,412678013,412678013
C_HF_COV,412678013,Heart failure including chronic HF,MEDCODEID,Right ventricular failure,"","",narrow,C,HF,COV,412678013,412678013
C_HF_COV,428,Heart failure including chronic HF,ICD9CM,Heart failure,C0018801,Heart failure,possible,C,HF,COV,428,428
C_HF_COV,428,Heart failure including chronic HF,ICD9CM,Unspecified heart failure congestive,"","",narrow,C,HF,COV,428,428
C_HF_COV,I09.9,Heart failure including chronic HF,ICD10,Rheumatic heart disease- unspecified (rheumatic carditis- rheumatic heart failure),"","",narrow,C,HF,COV,I09.9,I09.9
C_HF_COV,I09.9,Heart failure including chronic HF,ICD10CM,Rheumatic heart disease- unspecified,"","",possible,C,HF,COV,I09.9,I09.9
C_HF_COV,I50,Heart failure including chronic HF,ICD10,Heart failure,"","",narrow,C,HF,COV,I50,I50
C_HF_COV,I50,Heart failure including chronic HF,ICD10CM,Heart failure,C0018801,Heart failure,possible,C,HF,COV,I50,I50
C_MYOCARD_AESI,429.0,Myocarditis alone,ICD9CM,Myocarditis- unspecified,C0027059,Myocarditis,narrow,C,MYOCARD,AESI,429.0,429.0
C_MYOCARD_AESI,429.0,Myocarditis alone,MTHICD9,Chronic interstitial myocarditis,C0264852,Chronic interstitial myocarditis,possible,C,MYOCARD,AESI,429.0,429.0
C_MYOCARD_AESI,429.0,Myocarditis alone,MTHICD9,Chronic interstitial myocarditis with mention of arteriosclerosis,C0865683,Chronic interstitial myocarditis with mention of arteriosclerosis,possible,C,MYOCARD,AESI,429.0,429.0
C_MYOCARD_AESI,429.0,Myocarditis alone,MTHICD9,Chronic myocarditis with mention of arteriosclerosis,C0865682,Chronic myocarditis with mention of arteriosclerosis,possible,C,MYOCARD,AESI,429.0,429.0
C_MYOCARD_AESI,429.0,Myocarditis alone,MTHICD9,Fibroid myocarditis with mention of arteriosclerosis,C0865684,Fibroid myocarditis with mention of arteriosclerosis,possible,C,MYOCARD,AESI,429.0,429.0
C_MYOCARD_AESI,429.0,Myocarditis alone,MTHICD9,Myocarditis,C0027059,Myocarditis,narrow,C,MYOCARD,AESI,429.0,429.0
C_MYOCARD_AESI,429.0,Myocarditis alone,MTHICD9,Myocarditis NOS with mention of arteriosclerosis,C0865680,Myocarditis with mention of arteriosclerosis,narrow,C,MYOCARD,AESI,429.0,429.0
C_MYOCARD_AESI,429.0,Myocarditis alone,MTHICD9,Myocarditis- chronic,C0865681,Chronic myocarditis,possible,C,MYOCARD,AESI,429.0,429.0
C_MYOCARD_AESI,429.0,Myocarditis alone,MTHICD9,Myocarditis- fibroid,C0264853,Fibroid myocarditis,possible,C,MYOCARD,AESI,429.0,429.0
C_MYOCARD_AESI,429.0,Myocarditis alone,MTHICD9,Myocarditis- senile,C0264854,Senile myocarditis,possible,C,MYOCARD,AESI,429.0,429.0
C_MYOCARD_AESI,429.0,Myocarditis alone,MTHICD9,Senile myocarditis with mention of arteriosclerosis,C0865685,Senile myocarditis with mention of arteriosclerosis,possible,C,MYOCARD,AESI,429.0,429.0
C_MYOCARD_AESI,I51.4,Myocarditis alone,ICD10,Myocarditis- unspecified,C0027059,Myocarditis,narrow,C,MYOCARD,AESI,I51.4,I51.4
C_MYOCARD_AESI,I51.4,Myocarditis alone,ICD10CM,Chronic (interstitial) myocarditis,C0264852,Chronic interstitial myocarditis,possible,C,MYOCARD,AESI,I51.4,I51.4
C_MYOCARD_AESI,I51.4,Myocarditis alone,ICD10CM,Myocarditis- unspecified,C0027059,Myocarditis,narrow,C,MYOCARD,AESI,I51.4,I51.4
C_PERICARD_AESI,194919000,Pericarditis alone,SNOMEDCT_US,Acute purulent pericarditis unspecified,C0265149,Acute purulent pericarditis,narrow,C,PERICARD,AESI,194919000,194919000
C_PERICARD_AESI,194919000,Pericarditis alone,SNOMEDCT_US,Pyopericardium,C0265124,Pyopericardium,possible,C,PERICARD,AESI,194919000,194919000
C_PERICARD_AESI,420.99,Pericarditis alone,ICD9CM,Other acute pericarditis,C0348597,Other forms of acute pericarditis,narrow,C,PERICARD,AESI,420.99,420.99
C_PERICARD_AESI,420.99,Pericarditis alone,MTHICD9,Acute pericarditis- pneumococcal,C0340449,Acute pneumococcal pericarditis,narrow,C,PERICARD,AESI,420.99,420.99
C_PERICARD_AESI,420.99,Pericarditis alone,MTHICD9,Acute pericarditis- purulent,C0265149,Acute purulent pericarditis,narrow,C,PERICARD,AESI,420.99,420.99
C_PERICARD_AESI,420.99,Pericarditis alone,MTHICD9,Acute pericarditis- staphylococcal,C0340450,Acute staphylococcal pericarditis,narrow,C,PERICARD,AESI,420.99,420.99
C_PERICARD_AESI,420.99,Pericarditis alone,MTHICD9,Acute pericarditis- streptococcal,C0340451,Acute streptococcal pericarditis,narrow,C,PERICARD,AESI,420.99,420.99
C_PERICARD_AESI,420.99,Pericarditis alone,MTHICD9,Pericarditis- pneumococcal,C1456502,pneumococcal pericarditis,narrow,C,PERICARD,AESI,420.99,420.99
C_PERICARD_AESI,420.99,Pericarditis alone,MTHICD9,Pericarditis- staphylococcal,C1456503,staphylococcal pericarditis,narrow,C,PERICARD,AESI,420.99,420.99
C_PERICARD_AESI,420.99,Pericarditis alone,MTHICD9,Pneumopyopericardium,C0265123,Pneumopyopericardium,possible,C,PERICARD,AESI,420.99,420.99
C_PERICARD_AESI,420.99,Pericarditis alone,MTHICD9,Pyopericardium,C0265124,Pyopericardium,possible,C,PERICARD,AESI,420.99,420.99
C_PERICARD_AESI,423.2,Pericarditis alone,ICD9CM,Constrictive pericarditis,C0031048,Pericarditis- Constrictive,narrow,C,PERICARD,AESI,423.2,423.2
C_PERICARD_AESI,423.2,Pericarditis alone,MTHICD9,Pick-s disease of heart,C0031876,Pick Disease of Heart,possible,C,PERICARD,AESI,423.2,423.2
C_PERICARD_AESI,423.2,Pericarditis alone,MTHICD9,Pick-s disease of heart and liver,C0265130,Pick-s disease of heart and liver,possible,C,PERICARD,AESI,423.2,423.2
C_PERICARD_AESI,85598007,Pericarditis alone,SCTSPA,pericarditis constrictiva,C0031048,Pericarditis- Constrictive,narrow,C,PERICARD,AESI,85598007,85598007
C_PERICARD_AESI,85598007,Pericarditis alone,SNOMEDCT_US,Constrictive pericarditis,C0031048,Pericarditis- Constrictive,narrow,C,PERICARD,AESI,85598007,85598007
C_PERICARD_AESI,85598007,Pericarditis alone,SNOMEDCT_US,Pick disease of heart,C0031876,Pick Disease of Heart,possible,C,PERICARD,AESI,85598007,85598007
D_HEPATITISAUTOIMMUNE_COV,J6141,Hepatitis autoimmune,RCD2,Chronic active hepatitis,C0241910,Autoimmune Chronic Hepatitis,narrow,D,HEPATITISAUTOIMMUNE,COV,J6141,J6141
D_HEPATITISAUTOIMMUNE_COV,J6141,Hepatitis autoimmune,RCD2,Chronic active hepatitis,C0241910,Autoimmune Chronic Hepatitis,possible,D,HEPATITISAUTOIMMUNE,COV,J6141,J6141
D_LIVERACUTE_AESI,128241005,Acute liver disease,SCTSPA,hepatitis,C0019158,Hepatitis,narrow,D,LIVERACUTE,AESI,128241005,128241005
D_LIVERACUTE_AESI,128241005,Acute liver disease,SNOMEDCT_US,Inflammatory disease of liver,C0019158,Hepatitis,possible,D,LIVERACUTE,AESI,128241005,128241005
D_LIVERACUTE_AESI,235856003,Acute liver disease,SNOMEDCT_US,Hepatopathy,"","",possible,D,LIVERACUTE,AESI,235856003,235856003
D_LIVERACUTE_AESI,235856003,Acute liver disease,SNOMEDCT_US,LD - Liver disease,"","",possible,D,LIVERACUTE,AESI,235856003,235856003
D_LIVERACUTE_AESI,235856003,Acute liver disease,SNOMEDCT_US,Liver anomalies,"","",possible,D,LIVERACUTE,AESI,235856003,235856003
D_LIVERACUTE_AESI,235856003,Acute liver disease,SNOMEDCT_US,Liver anomaly- unspecified,"","",possible,D,LIVERACUTE,AESI,235856003,235856003
D_LIVERACUTE_AESI,235856003,Acute liver disease,SNOMEDCT_US,Liver disorder NOS,"","",possible,D,LIVERACUTE,AESI,235856003,235856003
D_LIVERACUTE_AESI,235856003,Acute liver disease,SNOMEDCT_US,Other liver disorders,"","",possible,D,LIVERACUTE,AESI,235856003,235856003
D_LIVERACUTE_AESI,235856003,Acute liver disease,SNOMEDCT_US,Other sequelae of chronic liver disease,"","",possible,D,LIVERACUTE,AESI,235856003,235856003
D_LIVERACUTE_AESI,235856003,Acute liver disease,SNOMEDCT_US,Other specified liver disorder,"","",possible,D,LIVERACUTE,AESI,235856003,235856003
D_LIVERACUTE_AESI,235856003,Acute liver disease,SNOMEDCT_US,Other specified liver disorder NOS,"","",possible,D,LIVERACUTE,AESI,235856003,235856003
D_LIVERACUTE_AESI,235856003,Acute liver disease,SNOMEDCT_US,Subacute necrosis of liver NOS,"","",narrow,D,LIVERACUTE,AESI,235856003,235856003
D_LIVERACUTE_AESI,235856003,Acute liver disease,SNOMEDCT_US,[X]Diseases of the liver,"","",possible,D,LIVERACUTE,AESI,235856003,235856003
D_LIVERACUTE_AESI,235856003,Acute liver disease,SNOMEDCT_US,[X]Liver disorders in infectious and parasitic diseases CE,"","",possible,D,LIVERACUTE,AESI,235856003,235856003
D_LIVERACUTE_AESI,235856003,Acute liver disease,SNOMEDCT_US,[X]Liver disorders in other diseases classified elsewhere,"","",possible,D,LIVERACUTE,AESI,235856003,235856003
D_LIVERACUTE_AESI,235856003,Acute liver disease,SNOMEDCT_US,[X]Other specified diseases of liver,"","",possible,D,LIVERACUTE,AESI,235856003,235856003
D_PANCRACUTE_AESI,197461009,Acute Pancreatitis,SNOMEDCT_US,Acute pancreatitis NOS,C0001339,Pancreatitis- Acute,narrow,D,PANCRACUTE,AESI,197461009,197461009
D_PANCRACUTE_AESI,197461009,Acute Pancreatitis,SNOMEDCT_US,Pancreatitis,C0030305,Pancreatitis,possible,D,PANCRACUTE,AESI,197461009,197461009
D_PANCRACUTE_AESI,K85.1,Acute Pancreatitis,ICD10,Biliary acute pancreatitis,"","",narrow,D,PANCRACUTE,AESI,K85.1,K85.1
D_PANCRACUTE_AESI,K85.1,Acute Pancreatitis,ICD10CM,Gallstone pancreatitis,"","",possible,D,PANCRACUTE,AESI,K85.1,K85.1
D_PANCRACUTE_AESI,K85.9,Acute Pancreatitis,ICD10,Acute pancreatitis- unspecified,"","",narrow,D,PANCRACUTE,AESI,K85.9,K85.9
D_PANCRACUTE_AESI,K85.9,Acute Pancreatitis,ICD10CM,Acute pancreatitis- unspecified,C0001339,Pancreatitis- Acute,narrow,D,PANCRACUTE,AESI,K85.9,K85.9
D_PANCRACUTE_AESI,K85.9,Acute Pancreatitis,ICD10CM,Pancreatitis NOS,C0030305,Pancreatitis,possible,D,PANCRACUTE,AESI,K85.9,K85.9
E_DM12_COV,190418009,Diabetes types 1 and 2,SCTSPA,diabetes mellitus- tipo juvenil- con otra manifestación especificada,C0342261,Diabetes mellitus- juvenile type- with other specified manifestation,possible,E,DM12,COV,190418009,190418009
E_DM12_COV,190418009,Diabetes types 1 and 2,SCTSPA,diabetes mellitus- tipo juvenil- con otra manifestación especificada,C0342261,Insulin-dependent diabetes mellitus with other specified complications,narrow,E,DM12,COV,190418009,190418009
E_DM12_COV,190418009,Diabetes types 1 and 2,SNOMEDCT_US,Diabetes mellitus- juvenile type- with other specified manifestation,C0342261,Diabetes mellitus- juvenile type- with other specified manifestation,narrow,E,DM12,COV,190418009,190418009
E_DM12_COV,190418009,Diabetes types 1 and 2,SNOMEDCT_US,Diabetes mellitus- juvenile type- with other specified manifestation,C0342261,Insulin-dependent diabetes mellitus with other specified complications,narrow,E,DM12,COV,190418009,190418009
E_DM12_COV,250.7,Diabetes types 1 and 2,ICD9CM,Diabetes with peripheral circulatory disorders,C0011871,Diabetic peripheral angiopathy,narrow,E,DM12,COV,250.7,250.7
E_DM12_COV,250.7,Diabetes types 1 and 2,ICD9CM,Diabetes with peripheral circulatory disorders,C0011871,Diabetic peripheral angiopathy,possible,E,DM12,COV,250.7,250.7
E_DM12_COV,C108.,Diabetes types 1 and 2,RCD2,Insulin depnd diabetes melitus,C0011854,Diabetes Mellitus- Insulin-Dependent,narrow,E,DM12,COV,C108.,C108.
E_DM12_COV,C108.,Diabetes types 1 and 2,RCD2,Insulin depnd diabetes melitus,C0011854,Diabetes Mellitus- Insulin-Dependent,possible,E,DM12,COV,C108.,C108.
E_DM12_COV,C10E.,Diabetes types 1 and 2,RCD2,Type 1 diabetes mellitus,C0011854,Diabetes Mellitus- Insulin-Dependent,narrow,E,DM12,COV,C10E.,C10E.
E_DM12_COV,C10E.,Diabetes types 1 and 2,RCD2,Type 1 diabetes mellitus,C0011854,Diabetes Mellitus- Insulin-Dependent,possible,E,DM12,COV,C10E.,C10E.
E_DM12_COV,C10y0,Diabetes types 1 and 2,RCD,Diabetes mellitus- juvenile- + other specified manifestation,C0342261,Diabetes mellitus- juvenile type- with other specified manifestation,possible,E,DM12,COV,C10y0,C10y0
E_DM12_COV,C10y0,Diabetes types 1 and 2,RCD,Diabetes mellitus- juvenile- + other specified manifestation,C0342261,Insulin-dependent diabetes mellitus with other specified complications,narrow,E,DM12,COV,C10y0,C10y0
E_DM12_COV,C10y0,Diabetes types 1 and 2,RCD2,Diab.mell.+oth manif.-juvenile,C0342261,Diabetes mellitus- juvenile type- with other specified manifestation,possible,E,DM12,COV,C10y0,C10y0
E_DM12_COV,C10y0,Diabetes types 1 and 2,RCD2,Diab.mell.+oth manif.-juvenile,C0342261,Insulin-dependent diabetes mellitus with other specified complications,narrow,E,DM12,COV,C10y0,C10y0
E_DM12_COV,E10.6,Diabetes types 1 and 2,ICD10,Type 1 diabetes mellitus with other specified complications,"","",narrow,E,DM12,COV,E10.6,E10.6
E_DM12_COV,E10.6,Diabetes types 1 and 2,ICD10CM,Insulin-dependent diabetes mellitus with other specified complications,C0342261,Diabetes mellitus- juvenile type- with other specified manifestation,possible,E,DM12,COV,E10.6,E10.6
E_DM12_COV,E10.6,Diabetes types 1 and 2,ICD10CM,Insulin-dependent diabetes mellitus with other specified complications,C0342261,Insulin-dependent diabetes mellitus with other specified complications,narrow,E,DM12,COV,E10.6,E10.6
E_DM12_COV,E10.6,Diabetes types 1 and 2,ICD10CM,Type 1 diabetes mellitus with other specified complications,"","",narrow,E,DM12,COV,E10.6,E10.6
E_DM12_COV,E10.69,Diabetes types 1 and 2,ICD10CM,Type 1 diabetes mellitus with other specified complication,C0342261,Diabetes mellitus- juvenile type- with other specified manifestation,possible,E,DM12,COV,E10.69,E10.69
E_DM12_COV,E10.69,Diabetes types 1 and 2,ICD10CM,Type 1 diabetes mellitus with other specified complication,C0342261,Insulin-dependent diabetes mellitus with other specified complications,narrow,E,DM12,COV,E10.69,E10.69
E_DM12_COV,E11.6,Diabetes types 1 and 2,ICD10,Type 2 diabetes mellitus with other specified complications,"","",narrow,E,DM12,COV,E11.6,E11.6
E_DM12_COV,E11.6,Diabetes types 1 and 2,ICD10CM,Non-insulin-dependent diabetes mellitus with other specified complications,C0342262,Diabetes mellitus- adult onset- with other specified manifestation,possible,E,DM12,COV,E11.6,E11.6
E_DM12_COV,E11.6,Diabetes types 1 and 2,ICD10CM,Type 2 diabetes mellitus with other specified complications,"","",narrow,E,DM12,COV,E11.6,E11.6
E_THYROIDAUTOIMM_AESI,18018005,Autoimmune thyroiditis,SCTSPA,tiroiditis linfocítica subaguda,C1306804,Subacute lymphocytic thyroiditis,possible,E,THYROIDAUTOIMM,AESI,18018005,18018005
E_THYROIDAUTOIMM_AESI,18018005,Autoimmune thyroiditis,SNOMEDCT_US,Subacute lymphocytic thyroiditis,C1306804,Subacute lymphocytic thyroiditis,narrow,E,THYROIDAUTOIMM,AESI,18018005,18018005
E_THYROIDAUTOIMM_AESI,237501007,Autoimmune thyroiditis,SCTSPA,Thyrotoxicosis due to acute thyroiditis,"","",possible,E,THYROIDAUTOIMM,AESI,237501007,237501007
E_THYROIDAUTOIMM_AESI,237501007,Autoimmune thyroiditis,SNOMEDCT_US,Thyrotoxicosis due to acute thyroiditis,"","",narrow,E,THYROIDAUTOIMM,AESI,237501007,237501007
E_THYROIDAUTOIMM_AESI,26389007,Autoimmune thyroiditis,SCTSPA,Toxic multinodular goiter,"","",possible,E,THYROIDAUTOIMM,AESI,26389007,26389007
E_THYROIDAUTOIMM_AESI,26389007,Autoimmune thyroiditis,SNOMEDCT_US,Toxic multinodular goiter,"","",narrow,E,THYROIDAUTOIMM,AESI,26389007,26389007
E_THYROIDAUTOIMM_AESI,361126006,Autoimmune thyroiditis,SCTSPA,tiroiditis linfocítica subaguda,C1306804,Subacute lymphocytic thyroiditis,possible,E,THYROIDAUTOIMM,AESI,361126006,361126006
E_THYROIDAUTOIMM_AESI,361126006,Autoimmune thyroiditis,SNOMEDCT_US,Subacute lymphocytic thyroiditis,C1306804,Subacute lymphocytic thyroiditis,narrow,E,THYROIDAUTOIMM,AESI,361126006,361126006
E_THYROIDAUTOIMM_AESI,55807009,Autoimmune thyroiditis,SCTSPA,bocio difuso tóxico con exoftalmía,C0018213,Graves Disease,narrow,E,THYROIDAUTOIMM,AESI,55807009,55807009
E_THYROIDAUTOIMM_AESI,55807009,Autoimmune thyroiditis,SNOMEDCT_US,Exophthalmic goiter,C0018213,Graves Disease,possible,E,THYROIDAUTOIMM,AESI,55807009,55807009
E_THYROIDAUTOIMM_AESI,66944004,Autoimmune thyroiditis,SCTSPA,tiroiditis autoinmunitaria,C0920350,Autoimmune thyroiditis,narrow,E,THYROIDAUTOIMM,AESI,66944004,66944004
E_THYROIDAUTOIMM_AESI,66944004,Autoimmune thyroiditis,SNOMEDCT_US,Autoimmune thyroiditis,C0920350,Autoimmune thyroiditis,narrow,E,THYROIDAUTOIMM,AESI,66944004,66944004
E_THYROIDAUTOIMM_AESI,66944004,Autoimmune thyroiditis,SNOMEDCT_US,Chronic thyroiditis- NOS,C0242520,Chronic thyroiditis,possible,E,THYROIDAUTOIMM,AESI,66944004,66944004
E_THYROIDAUTOIMM_AESI,66944004,Autoimmune thyroiditis,SNOMEDCT_US,Chronic thyroiditis- NOS,C2936918,Thyroiditis- Chronic,possible,E,THYROIDAUTOIMM,AESI,66944004,66944004
E_THYROIDAUTOIMM_AESI,E06.5,Autoimmune thyroiditis,ICD10,Other chronic thyroiditis,C0029495,Other chronic thyroiditis,possible,E,THYROIDAUTOIMM,AESI,E06.5,E06.5
E_THYROIDAUTOIMM_AESI,E06.5,Autoimmune thyroiditis,ICD10CM,Chronic fibrous thyroiditis,C3887878,Chronic fibrous thyroiditis,narrow,E,THYROIDAUTOIMM,AESI,E06.5,E06.5
E_THYROIDAUTOIMM_AESI,E06.5,Autoimmune thyroiditis,ICD10CM,Chronic thyroiditis NOS,C0242520,Chronic thyroiditis,possible,E,THYROIDAUTOIMM,AESI,E06.5,E06.5
E_THYROIDAUTOIMM_AESI,E06.5,Autoimmune thyroiditis,ICD10CM,Chronic thyroiditis NOS,C2936918,Thyroiditis- Chronic,possible,E,THYROIDAUTOIMM,AESI,E06.5,E06.5
E_THYROIDAUTOIMM_AESI,E06.5,Autoimmune thyroiditis,ICD10CM,Ligneous thyroiditis,C0154162,Riedel-s thyroiditis,possible,E,THYROIDAUTOIMM,AESI,E06.5,E06.5
E_THYROIDAUTOIMM_AESI,E06.5,Autoimmune thyroiditis,ICD10CM,Other chronic thyroiditis,C0029495,Other chronic thyroiditis,possible,E,THYROIDAUTOIMM,AESI,E06.5,E06.5
E_THYROIDAUTOIMM_AESI,M45000,Autoimmune thyroiditis,SNM,Non-specific chronic thyroiditis,C0242520,Chronic thyroiditis,possible,E,THYROIDAUTOIMM,AESI,M45000,M45000
E_THYROIDAUTOIMM_AESI,M45000,Autoimmune thyroiditis,SNM,Riedel-s thyroiditis,C0154162,Riedel-s thyroiditis,narrow,E,THYROIDAUTOIMM,AESI,M45000,M45000
E_THYROIDSUBACUTE_AESI,237529005,Thyroiditis subacute,SCTSPA,tiroiditis aguda viral,"","",possible,E,THYROIDSUBACUTE,AESI,237529005,237529005
E_THYROIDSUBACUTE_AESI,237529005,Thyroiditis subacute,SCTSPA,tiroiditis viral aguda,"","",narrow,E,THYROIDSUBACUTE,AESI,237529005,237529005
G_KDCHRONIC_COV,N04,Kidney disease chronic,ICD10,Nephrotic syndrome,C0027726,Nephrotic Syndrome,possible,G,KDCHRONIC,COV,N04,N04
G_KDCHRONIC_COV,N04,Kidney disease chronic,ICD10CM,Nephrotic syndrome,C0027726,Nephrotic Syndrome,possible,G,KDCHRONIC,COV,N04,N04
G_KDCHRONIC_COV,N04,Kidney disease chronic,ICD10CM,lipoid nephrosis,C0027721,Lipoid nephrosis,narrow,G,KDCHRONIC,COV,N04,N04
G_KIACUTE_AESI,129561000119108,Acute kidney injury,SCTSPA,Prerenal renal failure,"","",possible,G,KIACUTE,AESI,129561000119108,129561000119108
G_KIACUTE_AESI,129561000119108,Acute kidney injury,SCTSPA,daño renal agudo prerrenal (trastorno),"","",narrow,G,KIACUTE,AESI,129561000119108,129561000119108
G_KIACUTE_AESI,129561000119108,Acute kidney injury,SNOMEDCT_US,Prerenal renal failure,"","",possible,G,KIACUTE,AESI,129561000119108,129561000119108
G_KIACUTE_AESI,197670003,Acute kidney injury,SCTSPA,acidosis tubular renal de Albright,C0403490,Albright-s renal tubular acidosis,possible,G,KIACUTE,AESI,197670003,197670003
G_KIACUTE_AESI,197670003,Acute kidney injury,SNOMEDCT_US,Albright renal tubular acidosis,C0403490,Albright-s renal tubular acidosis,narrow,G,KIACUTE,AESI,197670003,197670003
G_KIACUTE_AESI,270494003,Acute kidney injury,SCTSPA,Acute papillary necrosis,"","",narrow,G,KIACUTE,AESI,270494003,270494003
G_KIACUTE_AESI,270494003,Acute kidney injury,SNOMEDCT_US,Acute necrotising papillitis,"","",narrow,G,KIACUTE,AESI,270494003,270494003
G_KIACUTE_AESI,270494003,Acute kidney injury,SNOMEDCT_US,Acute papillary necrosis,"","",narrow,G,KIACUTE,AESI,270494003,270494003
G_KIACUTE_AESI,270494003,Acute kidney injury,SNOMEDCT_US,Acute renal medullary necrosis,"","",narrow,G,KIACUTE,AESI,270494003,270494003
G_KIACUTE_AESI,270494003,Acute kidney injury,SNOMEDCT_US,Necrotising renal papillitis,"","",possible,G,KIACUTE,AESI,270494003,270494003
G_KIACUTE_AESI,32144005,Acute kidney injury,SCTSPA,Traumatic anuria,"","",narrow,G,KIACUTE,AESI,32144005,32144005
G_KIACUTE_AESI,32144005,Acute kidney injury,SCTSPA,anuria traumática,C0040793,Traumatic anuria,possible,G,KIACUTE,AESI,32144005,32144005
G_KIACUTE_AESI,32144005,Acute kidney injury,SCTSPA,anuria traumática (trastorno),"","",possible,G,KIACUTE,AESI,32144005,32144005
G_KIACUTE_AESI,32144005,Acute kidney injury,SNOMEDCT_US,Traumatic anuria,C0040793,Traumatic anuria,narrow,G,KIACUTE,AESI,32144005,32144005
G_KIACUTE_AESI,3704008,Acute kidney injury,SCTSPA,Diffuse endocapillary proliferative glomerulonephritis,"","",possible,G,KIACUTE,AESI,3704008,3704008
G_KIACUTE_AESI,3704008,Acute kidney injury,SNOMEDCT_US,Diffuse endocapillary proliferative glomerulonephritis,"","",narrow,G,KIACUTE,AESI,3704008,3704008
G_KIACUTE_AESI,53556002,Acute kidney injury,SCTSPA,Cis-platinum nephropathy,"","",narrow,G,KIACUTE,AESI,53556002,53556002
G_KIACUTE_AESI,53556002,Acute kidney injury,SNOMEDCT_US,Cis-platinum nephropathy,"","",possible,G,KIACUTE,AESI,53556002,53556002
G_KIACUTE_AESI,64212008,Acute kidney injury,SCTSPA,Diffuse crescentic glomerulonephritis,"","",narrow,G,KIACUTE,AESI,64212008,64212008
G_KIACUTE_AESI,64212008,Acute kidney injury,SNOMEDCT_US,Diffuse crescentic glomerulonephritis,"","",possible,G,KIACUTE,AESI,64212008,64212008
G_KIACUTE_AESI,710565001,Acute kidney injury,SCTSPA,Ischemic nephropathy,"","",narrow,G,KIACUTE,AESI,710565001,710565001
G_KIACUTE_AESI,710565001,Acute kidney injury,SNOMEDCT_US,Ischaemic nephropathy,"","",narrow,G,KIACUTE,AESI,710565001,710565001
G_KIACUTE_AESI,710565001,Acute kidney injury,SNOMEDCT_US,Ischemic nephropathy,"","",narrow,G,KIACUTE,AESI,710565001,710565001
G_KIACUTE_AESI,710565001,Acute kidney injury,SNOMEDCT_US,Nephropathy due to ischemia,"","",possible,G,KIACUTE,AESI,710565001,710565001
I_AIDS_COV,186705005,AIDS Charlson index,SNOMEDCT_US,Acquired immune deficiency syndrome,C0001175,Acquired Immunodeficiency Syndrome,narrow,I,AIDS,COV,186705005,186705005
I_AIDS_COV,186705005,AIDS Charlson index,SNOMEDCT_US,Human immunodeficiency virus infection,C0019693,HIV Infections,possible,I,AIDS,COV,186705005,186705005
I_AIDS_COV,187438009,AIDS Charlson index,SCTSPA,[X]enfermedad por el virus de la inmunodeficiencia humana,C0019693,HIV Infections,narrow,I,AIDS,COV,187438009,187438009
I_AIDS_COV,187438009,AIDS Charlson index,SNOMEDCT_US,[X]Human immunodeficiency virus disease,C0019693,HIV Infections,possible,I,AIDS,COV,187438009,187438009
I_AIDS_COV,187453001,AIDS Charlson index,SCTSPA,[X]enfermedad por virus de la inmunodeficiencia humana (VIH)- sin otra especificación,C0019693,HIV Infections,narrow,I,AIDS,COV,187453001,187453001
I_AIDS_COV,187453001,AIDS Charlson index,SNOMEDCT_US,[X]Unspecified human immunodeficiency virus [HIV] disease,C0019693,HIV Infections,possible,I,AIDS,COV,187453001,187453001
I_AIDS_COV,42,AIDS Charlson index,ICD9CM,Human immunodeficiency virus [HIV] disease,C0019693,HIV Infections,narrow,I,AIDS,COV,42,42
I_AIDS_COV,42,AIDS Charlson index,ICD9CM,Human immunodeficiency virus [HIV] disease,C0019693,HIV Infections,possible,I,AIDS,COV,42,42
I_CLOSTRIDIUMD_AESI,397696004,C difficile,SCTSPA,enterocolitits por antibióticos,C0085819,Antibiotic-Associated Colitis,possible,I,CLOSTRIDIUMD,AESI,397696004,397696004
I_CLOSTRIDIUMD_AESI,397696004,C difficile,SNOMEDCT_US,Antibiotic enterocolitis,C0085819,Antibiotic-Associated Colitis,narrow,I,CLOSTRIDIUMD,AESI,397696004,397696004
I_CLOSTRIDIUMD_AESI,51180003,C difficile,SCTSPA,colitis asociada con antibióticos,C0085819,Antibiotic-Associated Colitis,possible,I,CLOSTRIDIUMD,AESI,51180003,51180003
I_CLOSTRIDIUMD_AESI,51180003,C difficile,SCTSPA,enterocolitis seudomembranosa,C0014358,Enterocolitis- Pseudomembranous,narrow,I,CLOSTRIDIUMD,AESI,51180003,51180003
I_CLOSTRIDIUMD_AESI,51180003,C difficile,SNOMEDCT_US,Antibiotic-associated colitis,C0085819,Antibiotic-Associated Colitis,narrow,I,CLOSTRIDIUMD,AESI,51180003,51180003
I_COVID19DX_AESI,88711001,COVID19 diagnosis outcome,SCTSPA,coronavirus,C0206419,Genus- Coronavirus,narrow,I,COVID19DX,AESI,88711001,88711001
I_COVID19DX_AESI,88711001,COVID19 diagnosis outcome,SNOMEDCT_US,Coronavirus,C0206419,Genus- Coronavirus,possible,I,COVID19DX,AESI,88711001,88711001
I_COVID19DX_AESI,A7y00,COVID19 diagnosis outcome,RCD,Coronavir caus dis clas oth ch,C0348984,Coronavirus as the cause of diseases classified to other chapters,possible,I,COVID19DX,AESI,A7y00,A7y00
I_COVID19DX_AESI,A7y00,COVID19 diagnosis outcome,RCD2,Coronavir caus dis clas oth ch,C0348984,Coronavirus as the cause of diseases classified to other chapters,narrow,I,COVID19DX,AESI,A7y00,A7y00
Im_ANAPHYLAXIS_AESI,236540009,Anaphylaxis,SCTSPA,Non-allergic hypersensitivity reaction during dialysis,"","",possible,Im,ANAPHYLAXIS,AESI,236540009,236540009
Im_ANAPHYLAXIS_AESI,236540009,Anaphylaxis,SNOMEDCT_US,Non-allergic hypersensitivity reaction during dialysis,"","",narrow,Im,ANAPHYLAXIS,AESI,236540009,236540009
Im_ANAPHYLAXIS_AESI,241951000,Anaphylaxis,SCTSPA,Non-allergic hypersensitivity reaction caused by dialysis membrane,"","",possible,Im,ANAPHYLAXIS,AESI,241951000,241951000
Im_ANAPHYLAXIS_AESI,241951000,Anaphylaxis,SNOMEDCT_US,Non-allergic hypersensitivity reaction caused by dialysis membrane,"","",narrow,Im,ANAPHYLAXIS,AESI,241951000,241951000
Im_ANAPHYLAXIS_AESI,247472004,Anaphylaxis,SCTSPA,erupción urticariana,C0042109,Urticaria,narrow,Im,ANAPHYLAXIS,AESI,247472004,247472004
Im_ANAPHYLAXIS_AESI,247472004,Anaphylaxis,SNOMEDCT_US,Hives,C0042109,Urticaria,possible,Im,ANAPHYLAXIS,AESI,247472004,247472004
Im_ANAPHYLAXIS_AESI,35001004,Anaphylaxis,SCTSPA,Non-allergic anaphylaxis,"","",possible,Im,ANAPHYLAXIS,AESI,35001004,35001004
Im_ANAPHYLAXIS_AESI,35001004,Anaphylaxis,SCTSPA,anafilaxis no alérgica,C0340865,Anaphylactoid reaction,narrow,Im,ANAPHYLAXIS,AESI,35001004,35001004
Im_ANAPHYLAXIS_AESI,35001004,Anaphylaxis,SCTSPA,reacción anafilactoide,C0340865,Anaphylactoid reaction,narrow,Im,ANAPHYLAXIS,AESI,35001004,35001004
Im_ANAPHYLAXIS_AESI,35001004,Anaphylaxis,SNOMEDCT_US,Anaphylactoid reaction,C0340865,Anaphylactoid reaction,narrow,Im,ANAPHYLAXIS,AESI,35001004,35001004
Im_ANAPHYLAXIS_AESI,35001004,Anaphylaxis,SNOMEDCT_US,Non-allergic anaphylaxis,"","",narrow,Im,ANAPHYLAXIS,AESI,35001004,35001004
Im_ANAPHYLAXIS_AESI,40394006,Anaphylaxis,SCTSPA,Generalized Shwartzman reaction,"","",narrow,Im,ANAPHYLAXIS,AESI,40394006,40394006
Im_ANAPHYLAXIS_AESI,40394006,Anaphylaxis,SNOMEDCT_US,Generalized Shwartzman reaction,"","",possible,Im,ANAPHYLAXIS,AESI,40394006,40394006
Im_ANAPHYLAXIS_AESI,T78.2,Anaphylaxis,ICD10,Anaphylactic shock,"","",narrow,Im,ANAPHYLAXIS,AESI,T78.2,T78.2
Im_ANAPHYLAXIS_AESI,T78.2,Anaphylaxis,ICD10CM,Anaphylactic shock,"","",possible,Im,ANAPHYLAXIS,AESI,T78.2,T78.2
Im_HYPERSENS_AESI,583.1,Type III hypersensitivity reactions,ICD9CM,Nephritis and nephropathy- not specified as acute or chronic- with lesion of membranous glomerulonephritis,"","",narrow,Im,HYPERSENS,AESI,583.1,583.1
Im_HYPERSENS_AESI,583.1,Type III hypersensitivity reactions,ICD9CM,With lesion of membranous glomerulonephritis,"",With lesion of membranous glomerulonephritis,possible,Im,HYPERSENS,AESI,583.1,583.1
Im_HYPERSENS_AESI,T80.6,Type III hypersensitivity reactions,ICD10,Other serum reactions,"","",possible,Im,HYPERSENS,AESI,T80.6,T80.6
Im_HYPERSENS_AESI,T80.6,Type III hypersensitivity reactions,ICD10CM,Intoxication by serum,C0036830,Serum Sickness,narrow,Im,HYPERSENS,AESI,T80.6,T80.6
Im_HYPERSENS_AESI,T80.6,Type III hypersensitivity reactions,ICD10CM,Other serum reactions,"","",possible,Im,HYPERSENS,AESI,T80.6,T80.6
Im_IMMUNODEFWITHOUTHIV_COV,D71,Immunodeficiencies without HIV,ICD10,Functional disorders of polymorphonuclear neutrophils,C0016808,Functional disorders of polymorphonuclear neutrophils,narrow,Im,IMMUNODEFWITHOUTHIV,COV,D71,D71
Im_IMMUNODEFWITHOUTHIV_COV,D71,Immunodeficiencies without HIV,ICD10CM,Cell membrane receptor complex [CR3] defect,C2873813,Cell membrane receptor complex [CR3] defect,narrow,Im,IMMUNODEFWITHOUTHIV,COV,D71,D71
Im_IMMUNODEFWITHOUTHIV_COV,D71,Immunodeficiencies without HIV,ICD10CM,Chronic (childhood) granulomatous disease,C1398939,granulomatous- disorder (chronic) (childhood),narrow,Im,IMMUNODEFWITHOUTHIV,COV,D71,D71
Im_IMMUNODEFWITHOUTHIV_COV,D71,Immunodeficiencies without HIV,ICD10CM,Congenital dysphagocytosis,C0018203,Chronic granulomatous disease,narrow,Im,IMMUNODEFWITHOUTHIV,COV,D71,D71
Im_IMMUNODEFWITHOUTHIV_COV,D71,Immunodeficiencies without HIV,ICD10CM,Functional disorders of polymorphonuclear neutrophils,C0016808,Functional disorders of polymorphonuclear neutrophils,narrow,Im,IMMUNODEFWITHOUTHIV,COV,D71,D71
Im_IMMUNODEFWITHOUTHIV_COV,D71,Immunodeficiencies without HIV,ICD10CM,Progressive septic granulomatosis,C0865267,progressive septic granulomatosis,narrow,Im,IMMUNODEFWITHOUTHIV,COV,D71,D71
Im_IMMUNODEFWITHOUTHIV_COV,D71,Immunodeficiencies without HIV,ICPC,Mumps,C0026780,Mumps,possible,Im,IMMUNODEFWITHOUTHIV,COV,D71,D71
Im_IMMUNODEFWITHOUTHIV_COV,D84,Immunodeficiencies without HIV,ICD10,Other immunodeficiencies,C0494264,Other immunodeficiencies,narrow,Im,IMMUNODEFWITHOUTHIV,COV,D84,D84
Im_IMMUNODEFWITHOUTHIV_COV,D84,Immunodeficiencies without HIV,ICD10CM,Other immunodeficiencies,C0494264,Other immunodeficiencies,narrow,Im,IMMUNODEFWITHOUTHIV,COV,D84,D84
Im_IMMUNODEFWITHOUTHIV_COV,D84,Immunodeficiencies without HIV,ICPC,Disease of esophagus,C0014852,Esophageal Diseases,possible,Im,IMMUNODEFWITHOUTHIV,COV,D84,D84
Im_IMMUNODEF_COV,123321001,Immunodeficiencies any,SCTSPA,infección por HTLV - III-LAV - RETIRADO -,C0019693,HIV Infections,possible,Im,IMMUNODEF,COV,123321001,123321001
Im_IMMUNODEF_COV,123321001,Immunodeficiencies any,SNOMEDCT_US,HTLV-III-LAV infection,C0019693,HIV Infections,narrow,Im,IMMUNODEF,COV,123321001,123321001
Im_IMMUNODEF_COV,186715004,Immunodeficiencies any,SCTSPA,síndrome de infección por el HIV,C0001175,Acquired Immunodeficiency Syndrome,possible,Im,IMMUNODEF,COV,186715004,186715004
Im_IMMUNODEF_COV,186715004,Immunodeficiencies any,SNOMEDCT_US,Acquired human immunodeficiency virus infection syndrome NOS,C0001175,Acquired Immunodeficiency Syndrome,narrow,Im,IMMUNODEF,COV,186715004,186715004
Im_IMMUNODEF_COV,23238000,Immunodeficiencies any,SCTSPA,agammaglobulinemia variable común,C0009447,Common Variable Immunodeficiency,possible,Im,IMMUNODEF,COV,23238000,23238000
Im_IMMUNODEF_COV,23238000,Immunodeficiencies any,SNOMEDCT_US,Common variable agammaglobulinemia,C0009447,Common Variable Immunodeficiency,narrow,Im,IMMUNODEF,COV,23238000,23238000
Im_IMMUNODEF_COV,240526004,Immunodeficiencies any,SCTSPA,parotiditis urliana,C0026780,Mumps,narrow,Im,IMMUNODEF,COV,240526004,240526004
Im_IMMUNODEF_COV,240526004,Immunodeficiencies any,SNOMEDCT_US,Mumps parotitis,C0026780,Mumps,possible,Im,IMMUNODEF,COV,240526004,240526004
Im_IMMUNODEF_COV,24743004,Immunodeficiencies any,SCTSPA,enfermedad de deficiencia del sistema del complemento,C0272242,Complement Deficiencies,possible,Im,IMMUNODEF,COV,24743004,24743004
Im_IMMUNODEF_COV,24743004,Immunodeficiencies any,SNOMEDCT_US,Complement deficiency disease,C0272242,Complement Deficiencies,narrow,Im,IMMUNODEF,COV,24743004,24743004
Im_IMMUNODEF_COV,36989005,Immunodeficiencies any,SCTSPA,parotiditis,C0026780,Mumps,narrow,Im,IMMUNODEF,COV,36989005,36989005
Im_IMMUNODEF_COV,36989005,Immunodeficiencies any,SNOMEDCT_US,Mumps,C0026780,Mumps,possible,Im,IMMUNODEF,COV,36989005,36989005
Im_IMMUNODEF_COV,62479008,Immunodeficiencies any,SCTSPA,SIDA,C0001175,Acquired Immunodeficiency Syndrome,narrow,Im,IMMUNODEF,COV,62479008,62479008
Im_IMMUNODEF_COV,62479008,Immunodeficiencies any,SNOMEDCT_US,AIDS,C0001175,Acquired Immunodeficiency Syndrome,possible,Im,IMMUNODEF,COV,62479008,62479008
Im_IMMUNODEF_COV,69518005,Immunodeficiencies any,SCTSPA,anomalía congénita del aparato digestivo,C0266015,Congenital digestive system anomalies,narrow,Im,IMMUNODEF,COV,69518005,69518005
Im_IMMUNODEF_COV,69518005,Immunodeficiencies any,SNOMEDCT_US,Congenital anomaly of digestive system,C0266015,Congenital digestive system anomalies,possible,Im,IMMUNODEF,COV,69518005,69518005
Im_IMMUNODEF_COV,B20,Immunodeficiencies any,ICD10,Human immunodeficiency virus [HIV] disease resulting in infectious and parasitic diseases,C0348209,HIV disease resulting in unspecified infectious or parasitic disease,narrow,Im,IMMUNODEF,COV,B20,B20
Im_IMMUNODEF_COV,B20,Immunodeficiencies any,ICD10CM,AIDS-related complex [ARC],C0001857,AIDS related complex,narrow,Im,IMMUNODEF,COV,B20,B20
Im_IMMUNODEF_COV,B20,Immunodeficiencies any,ICD10CM,HIV infection- symptomatic,C0864665,symptomatic HIV infection,narrow,Im,IMMUNODEF,COV,B20,B20
Im_IMMUNODEF_COV,B20,Immunodeficiencies any,ICD10CM,Human immunodeficiency virus [HIV] disease,C0019693,HIV Infections,narrow,Im,IMMUNODEF,COV,B20,B20
Im_IMMUNODEF_COV,B20,Immunodeficiencies any,ICD10CM,Human immunodeficiency virus [HIV] disease,C0019693,HIV Infections,possible,Im,IMMUNODEF,COV,B20,B20
Im_IMMUNODEF_COV,B20,Immunodeficiencies any,ICD10CM,Human immunodeficiency virus [HIV] disease resulting in infectious and parasitic diseases,C0348209,HIV disease resulting in unspecified infectious or parasitic disease,narrow,Im,IMMUNODEF,COV,B20,B20
Im_IMMUNODEF_COV,B20,Immunodeficiencies any,ICD10CM,acquired immune deficiency syndrome [AIDS],C0001175,Acquired Immunodeficiency Syndrome,narrow,Im,IMMUNODEF,COV,B20,B20
Im_IMMUNODEF_COV,D71,Immunodeficiencies any,ICD10,Functional disorders of polymorphonuclear neutrophils,C0016808,Functional disorders of polymorphonuclear neutrophils,narrow,Im,IMMUNODEF,COV,D71,D71
Im_IMMUNODEF_COV,D71,Immunodeficiencies any,ICD10CM,Cell membrane receptor complex [CR3] defect,C2873813,Cell membrane receptor complex [CR3] defect,narrow,Im,IMMUNODEF,COV,D71,D71
Im_IMMUNODEF_COV,D71,Immunodeficiencies any,ICD10CM,Chronic (childhood) granulomatous disease,C1398939,granulomatous- disorder (chronic) (childhood),narrow,Im,IMMUNODEF,COV,D71,D71
Im_IMMUNODEF_COV,D71,Immunodeficiencies any,ICD10CM,Congenital dysphagocytosis,C0018203,Chronic granulomatous disease,narrow,Im,IMMUNODEF,COV,D71,D71
Im_IMMUNODEF_COV,D71,Immunodeficiencies any,ICD10CM,Functional disorders of polymorphonuclear neutrophils,C0016808,Functional disorders of polymorphonuclear neutrophils,narrow,Im,IMMUNODEF,COV,D71,D71
Im_IMMUNODEF_COV,D71,Immunodeficiencies any,ICD10CM,Progressive septic granulomatosis,C0865267,progressive septic granulomatosis,narrow,Im,IMMUNODEF,COV,D71,D71
Im_IMMUNODEF_COV,D71,Immunodeficiencies any,ICPC,Mumps,C0026780,Mumps,possible,Im,IMMUNODEF,COV,D71,D71
Im_IMMUNODEF_COV,D81,Immunodeficiencies any,ICD10,Combined immunodeficiencies,C0494261,Combined immunodeficiency,narrow,Im,IMMUNODEF,COV,D81,D81
Im_IMMUNODEF_COV,D81,Immunodeficiencies any,ICD10CM,Combined immunodeficiencies,C0494261,Combined immunodeficiency,narrow,Im,IMMUNODEF,COV,D81,D81
Im_IMMUNODEF_COV,D81,Immunodeficiencies any,ICPC,Congenital digestive system anomalies,C0266015,Congenital digestive system anomalies,possible,Im,IMMUNODEF,COV,D81,D81
Im_IMMUNODEF_COV,D83,Immunodeficiencies any,ICD10,Common variable immunodeficiency,C0009447,Common Variable Immunodeficiency,possible,Im,IMMUNODEF,COV,D83,D83
Im_IMMUNODEF_COV,D83,Immunodeficiencies any,ICD10CM,Common variable immunodeficiency,C0009447,Common Variable Immunodeficiency,narrow,Im,IMMUNODEF,COV,D83,D83
Im_IMMUNODEF_COV,D83.9,Immunodeficiencies any,ICD10,Common variable immunodeficiency- unspecified,C0009447,Common Variable Immunodeficiency,narrow,Im,IMMUNODEF,COV,D83.9,D83.9
Im_IMMUNODEF_COV,D83.9,Immunodeficiencies any,ICD10CM,Common variable immunodeficiency- unspecified,C0009447,Common Variable Immunodeficiency,narrow,Im,IMMUNODEF,COV,D83.9,D83.9
Im_IMMUNODEF_COV,D83.9,Immunodeficiencies any,ICD10CM,Common variable immunodeficiency- unspecified,C0009447,Common Variable Immunodeficiency,possible,Im,IMMUNODEF,COV,D83.9,D83.9
M_RHABDOMYOLISIS_AESI,156729009,Rhabdomyolisis,SNOMEDCT_US,Muscle-ligament disorder NOS,C1540877,Muscle &-or ligament disorder NOS,possible,M,RHABDOMYOLISIS,AESI,156729009,156729009
M_RHABDOMYOLISIS_AESI,156729009,Rhabdomyolisis,SNOMEDCT_US,Rhabdomyolysis,C0035410,Rhabdomyolysis,narrow,M,RHABDOMYOLISIS,AESI,156729009,156729009
M_RHABDOMYOLISIS_AESI,268106003,Rhabdomyolisis,SNOMEDCT_US,Muscle-ligament disorder NOS,C1540877,Muscle &-or ligament disorder NOS,possible,M,RHABDOMYOLISIS,AESI,268106003,268106003
M_RHABDOMYOLISIS_AESI,268106003,Rhabdomyolisis,SNOMEDCT_US,Rhabdomyolysis,C0035410,Rhabdomyolysis,narrow,M,RHABDOMYOLISIS,AESI,268106003,268106003
Ment_SCHIZOPHRENIA_COV,129604005,Schizophrenia,SCTSPA,Delusion of heart disease syndrome (disorder),"","",possible,Ment,SCHIZOPHRENIA,COV,129604005,129604005
Ment_SCHIZOPHRENIA_COV,129604005,Schizophrenia,SNOMEDCT_US,Delusion of heart disease syndrome (disorder),"","",narrow,Ment,SCHIZOPHRENIA,COV,129604005,129604005
Ment_SCHIZOPHRENIA_COV,14144000,Schizophrenia,SCTSPA,Erotomanic delusion disorder (disorder),"","",possible,Ment,SCHIZOPHRENIA,COV,14144000,14144000
Ment_SCHIZOPHRENIA_COV,14144000,Schizophrenia,SNOMEDCT_US,Erotomanic delusion disorder (disorder),"","",narrow,Ment,SCHIZOPHRENIA,COV,14144000,14144000
Ment_SCHIZOPHRENIA_COV,162313000,Schizophrenia,SCTSPA,Morbid jealousy (disorder),"","",possible,Ment,SCHIZOPHRENIA,COV,162313000,162313000
Ment_SCHIZOPHRENIA_COV,162313000,Schizophrenia,SNOMEDCT_US,Morbid jealousy (disorder),"","",narrow,Ment,SCHIZOPHRENIA,COV,162313000,162313000
Ment_SCHIZOPHRENIA_COV,18573003,Schizophrenia,SCTSPA,Obsessional erotomania (disorder),"","",possible,Ment,SCHIZOPHRENIA,COV,18573003,18573003
Ment_SCHIZOPHRENIA_COV,18573003,Schizophrenia,SNOMEDCT_US,Obsessional erotomania (disorder),"","",narrow,Ment,SCHIZOPHRENIA,COV,18573003,18573003
Ment_SCHIZOPHRENIA_COV,191478006,Schizophrenia,SCTSPA,Alcoholic paranoia (disorder),"","",possible,Ment,SCHIZOPHRENIA,COV,191478006,191478006
Ment_SCHIZOPHRENIA_COV,191478006,Schizophrenia,SNOMEDCT_US,Alcoholic paranoia (disorder),"","",narrow,Ment,SCHIZOPHRENIA,COV,191478006,191478006
Ment_SCHIZOPHRENIA_COV,191667009,Schizophrenia,SCTSPA,trastorno paranoide,C1456784,Paranoia,possible,Ment,SCHIZOPHRENIA,COV,191667009,191667009
Ment_SCHIZOPHRENIA_COV,191667009,Schizophrenia,SNOMEDCT_US,Paranoid disorder (disorder),"","",narrow,Ment,SCHIZOPHRENIA,COV,191667009,191667009
Ment_SCHIZOPHRENIA_COV,191668004,Schizophrenia,SCTSPA,Simple paranoid state (disorder),"","",possible,Ment,SCHIZOPHRENIA,COV,191668004,191668004
Ment_SCHIZOPHRENIA_COV,191668004,Schizophrenia,SNOMEDCT_US,Simple paranoid state (disorder),"","",narrow,Ment,SCHIZOPHRENIA,COV,191668004,191668004
Ment_SCHIZOPHRENIA_COV,191670008,Schizophrenia,SCTSPA,Shared paranoid disorder (disorder),"","",possible,Ment,SCHIZOPHRENIA,COV,191670008,191670008
Ment_SCHIZOPHRENIA_COV,191670008,Schizophrenia,SNOMEDCT_US,Shared paranoid disorder (disorder),"","",narrow,Ment,SCHIZOPHRENIA,COV,191670008,191670008
Ment_SCHIZOPHRENIA_COV,191672000,Schizophrenia,SCTSPA,paranoia querellante,C0338819,Paranoia querulans,possible,Ment,SCHIZOPHRENIA,COV,191672000,191672000
Ment_SCHIZOPHRENIA_COV,191672000,Schizophrenia,SNOMEDCT_US,Paranoia querulans (disorder),"","",narrow,Ment,SCHIZOPHRENIA,COV,191672000,191672000
Ment_SCHIZOPHRENIA_COV,231487004,Schizophrenia,SCTSPA,Persistent delusional disorder (disorder),"","",possible,Ment,SCHIZOPHRENIA,COV,231487004,231487004
Ment_SCHIZOPHRENIA_COV,231487004,Schizophrenia,SNOMEDCT_US,Persistent delusional disorder (disorder),"","",narrow,Ment,SCHIZOPHRENIA,COV,231487004,231487004
Ment_SCHIZOPHRENIA_COV,268622001,Schizophrenia,SCTSPA,Chronic paranoid psychosis (disorder),"","",possible,Ment,SCHIZOPHRENIA,COV,268622001,268622001
Ment_SCHIZOPHRENIA_COV,268622001,Schizophrenia,SNOMEDCT_US,Chronic paranoid psychosis (disorder),"","",narrow,Ment,SCHIZOPHRENIA,COV,268622001,268622001
Ment_SCHIZOPHRENIA_COV,278506006,Schizophrenia,SCTSPA,Involutional paranoid state (disorder),"","",possible,Ment,SCHIZOPHRENIA,COV,278506006,278506006
Ment_SCHIZOPHRENIA_COV,278506006,Schizophrenia,SNOMEDCT_US,Involutional paranoid state (disorder),"","",narrow,Ment,SCHIZOPHRENIA,COV,278506006,278506006
Ment_SCHIZOPHRENIA_COV,278508007,Schizophrenia,SCTSPA,Delusional dysmorphophobia (disorder),"","",possible,Ment,SCHIZOPHRENIA,COV,278508007,278508007
Ment_SCHIZOPHRENIA_COV,278508007,Schizophrenia,SNOMEDCT_US,Delusional dysmorphophobia (disorder),"","",narrow,Ment,SCHIZOPHRENIA,COV,278508007,278508007
Ment_SCHIZOPHRENIA_COV,280949006,Schizophrenia,SCTSPA,Erotomania (disorder),"","",possible,Ment,SCHIZOPHRENIA,COV,280949006,280949006
Ment_SCHIZOPHRENIA_COV,280949006,Schizophrenia,SNOMEDCT_US,Erotomania (disorder),"","",narrow,Ment,SCHIZOPHRENIA,COV,280949006,280949006
Ment_SCHIZOPHRENIA_COV,295.5,Schizophrenia,ICD9CM,Latent schizophrenia,"","",possible,Ment,SCHIZOPHRENIA,COV,295.5,295.5
Ment_SCHIZOPHRENIA_COV,295.5,Schizophrenia,MTHICD9,Latent schizophrenic reaction,C0023105,Schizophrenia- Latent,narrow,Ment,SCHIZOPHRENIA,COV,295.5,295.5
Ment_SCHIZOPHRENIA_COV,295.50,Schizophrenia,ICD9CM,Latent schizophrenia- unspecified,"","",possible,Ment,SCHIZOPHRENIA,COV,295.50,295.50
Ment_SCHIZOPHRENIA_COV,295.50,Schizophrenia,MTHICD9,Latent schizophrenia- unspecified state,C0023105,Schizophrenia- Latent,narrow,Ment,SCHIZOPHRENIA,COV,295.50,295.50
Ment_SCHIZOPHRENIA_COV,295.51,Schizophrenia,ICD9CM,Latent schizophrenia- subchronic,"","",possible,Ment,SCHIZOPHRENIA,COV,295.51,295.51
Ment_SCHIZOPHRENIA_COV,295.51,Schizophrenia,MTHICD9,Latent schizophrenia- subchronic state,C0338810,Subchronic latent schizophrenia,narrow,Ment,SCHIZOPHRENIA,COV,295.51,295.51
Ment_SCHIZOPHRENIA_COV,31081000119101,Schizophrenia,SCTSPA,Presenile dementia with delusions (disorder),"","",possible,Ment,SCHIZOPHRENIA,COV,31081000119101,31081000119101
Ment_SCHIZOPHRENIA_COV,31081000119101,Schizophrenia,SNOMEDCT_US,Presenile dementia with delusions (disorder),"","",narrow,Ment,SCHIZOPHRENIA,COV,31081000119101,31081000119101
Ment_SCHIZOPHRENIA_COV,32552001,Schizophrenia,SCTSPA,Psychoactive substance-induced organic delusional disorder (disorder),"","",possible,Ment,SCHIZOPHRENIA,COV,32552001,32552001
Ment_SCHIZOPHRENIA_COV,32552001,Schizophrenia,SNOMEDCT_US,Psychoactive substance-induced organic delusional disorder (disorder),"","",narrow,Ment,SCHIZOPHRENIA,COV,32552001,32552001
Ment_SCHIZOPHRENIA_COV,33323008,Schizophrenia,SCTSPA,Somatic delusion disorder (disorder),"","",possible,Ment,SCHIZOPHRENIA,COV,33323008,33323008
Ment_SCHIZOPHRENIA_COV,33323008,Schizophrenia,SNOMEDCT_US,Somatic delusion disorder (disorder),"","",narrow,Ment,SCHIZOPHRENIA,COV,33323008,33323008
Ment_SCHIZOPHRENIA_COV,371024007,Schizophrenia,SCTSPA,Senile dementia with delusion (disorder),"","",possible,Ment,SCHIZOPHRENIA,COV,371024007,371024007
Ment_SCHIZOPHRENIA_COV,371024007,Schizophrenia,SNOMEDCT_US,Senile dementia with delusion (disorder),"","",narrow,Ment,SCHIZOPHRENIA,COV,371024007,371024007
Ment_SCHIZOPHRENIA_COV,427975003,Schizophrenia,SCTSPA,Drug-induced delusional disorder (disorder),"","",possible,Ment,SCHIZOPHRENIA,COV,427975003,427975003
Ment_SCHIZOPHRENIA_COV,427975003,Schizophrenia,SNOMEDCT_US,Drug-induced delusional disorder (disorder),"","",narrow,Ment,SCHIZOPHRENIA,COV,427975003,427975003
Ment_SCHIZOPHRENIA_COV,47447001,Schizophrenia,SCTSPA,Grandiose delusion disorder (disorder),"","",possible,Ment,SCHIZOPHRENIA,COV,47447001,47447001
Ment_SCHIZOPHRENIA_COV,47447001,Schizophrenia,SNOMEDCT_US,Grandiose delusion disorder (disorder),"","",narrow,Ment,SCHIZOPHRENIA,COV,47447001,47447001
Ment_SCHIZOPHRENIA_COV,54502004,Schizophrenia,SCTSPA,Primary degenerative dementia of the Alzheimer type- presenile onset- with delusions (disorder),"","",possible,Ment,SCHIZOPHRENIA,COV,54502004,54502004
Ment_SCHIZOPHRENIA_COV,54502004,Schizophrenia,SNOMEDCT_US,Primary degenerative dementia of the Alzheimer type- presenile onset- with delusions (disorder),"","",narrow,Ment,SCHIZOPHRENIA,COV,54502004,54502004
Ment_SCHIZOPHRENIA_COV,55009008,Schizophrenia,SCTSPA,Primary degenerative dementia of the Alzheimer type- senile onset- with delusions (disorder),"","",possible,Ment,SCHIZOPHRENIA,COV,55009008,55009008
Ment_SCHIZOPHRENIA_COV,55009008,Schizophrenia,SNOMEDCT_US,Primary degenerative dementia of the Alzheimer type- senile onset- with delusions (disorder),"","",narrow,Ment,SCHIZOPHRENIA,COV,55009008,55009008
Ment_SCHIZOPHRENIA_COV,5510009,Schizophrenia,SCTSPA,Organic delusional disorder (disorder),"","",possible,Ment,SCHIZOPHRENIA,COV,5510009,5510009
Ment_SCHIZOPHRENIA_COV,5510009,Schizophrenia,SNOMEDCT_US,Organic delusional disorder (disorder),"","",narrow,Ment,SCHIZOPHRENIA,COV,5510009,5510009
Ment_SCHIZOPHRENIA_COV,60123008,Schizophrenia,SCTSPA,Delusional disorder- mixed type (disorder),"","",possible,Ment,SCHIZOPHRENIA,COV,60123008,60123008
Ment_SCHIZOPHRENIA_COV,60123008,Schizophrenia,SNOMEDCT_US,Delusional disorder- mixed type (disorder),"","",narrow,Ment,SCHIZOPHRENIA,COV,60123008,60123008
Ment_SCHIZOPHRENIA_COV,698951002,Schizophrenia,SCTSPA,Delusional disorder in remission (disorder),"","",possible,Ment,SCHIZOPHRENIA,COV,698951002,698951002
Ment_SCHIZOPHRENIA_COV,698951002,Schizophrenia,SNOMEDCT_US,Delusional disorder in remission (disorder),"","",narrow,Ment,SCHIZOPHRENIA,COV,698951002,698951002
Ment_SCHIZOPHRENIA_COV,723899008,Schizophrenia,SCTSPA,Delusional disorder currently symptomatic (disorder),"","",possible,Ment,SCHIZOPHRENIA,COV,723899008,723899008
Ment_SCHIZOPHRENIA_COV,723899008,Schizophrenia,SNOMEDCT_US,Delusional disorder currently symptomatic (disorder),"","",narrow,Ment,SCHIZOPHRENIA,COV,723899008,723899008
Ment_SCHIZOPHRENIA_COV,723900003,Schizophrenia,SCTSPA,Delusional disorder currently in partial remission (disorder),"","",possible,Ment,SCHIZOPHRENIA,COV,723900003,723900003
Ment_SCHIZOPHRENIA_COV,723900003,Schizophrenia,SNOMEDCT_US,Delusional disorder currently in partial remission (disorder),"","",narrow,Ment,SCHIZOPHRENIA,COV,723900003,723900003
Ment_SCHIZOPHRENIA_COV,723901004,Schizophrenia,SCTSPA,Delusional disorder currently in full remission (disorder),"","",possible,Ment,SCHIZOPHRENIA,COV,723901004,723901004
Ment_SCHIZOPHRENIA_COV,723901004,Schizophrenia,SNOMEDCT_US,Delusional disorder currently in full remission (disorder),"","",narrow,Ment,SCHIZOPHRENIA,COV,723901004,723901004
Ment_SCHIZOPHRENIA_COV,723913009,Schizophrenia,SCTSPA,Olfactory reference disorder (disorder),"","",possible,Ment,SCHIZOPHRENIA,COV,723913009,723913009
Ment_SCHIZOPHRENIA_COV,723913009,Schizophrenia,SNOMEDCT_US,Olfactory reference disorder (disorder),"","",narrow,Ment,SCHIZOPHRENIA,COV,723913009,723913009
Ment_SCHIZOPHRENIA_COV,77475008,Schizophrenia,SCTSPA,Jealous delusion disorder (disorder),"","",possible,Ment,SCHIZOPHRENIA,COV,77475008,77475008
Ment_SCHIZOPHRENIA_COV,77475008,Schizophrenia,SNOMEDCT_US,Jealous delusion disorder (disorder),"","",narrow,Ment,SCHIZOPHRENIA,COV,77475008,77475008
Ment_SCHIZOPHRENIA_COV,89618007,Schizophrenia,SCTSPA,Persecutory delusion disorder (disorder),"","",possible,Ment,SCHIZOPHRENIA,COV,89618007,89618007
Ment_SCHIZOPHRENIA_COV,89618007,Schizophrenia,SNOMEDCT_US,Persecutory delusion disorder (disorder),"","",narrow,Ment,SCHIZOPHRENIA,COV,89618007,89618007
N_BELLP_AESI,438.83,Bell's palsy,ICD9CM,Other late effects of cerebrovascular disease- facial weakness,C0427055,Facial Paresis,possible,N,BELLP,AESI,438.83,438.83
N_BELLP_AESI,438.83,Bell's palsy,MTHICD9,Facial droop,C0427055,Facial Paresis,narrow,N,BELLP,AESI,438.83,438.83
N_BELLP_AESI,781.94,Bell's palsy,ICD9CM,Facial weakness,C0427055,Facial Paresis,possible,N,BELLP,AESI,781.94,781.94
N_BELLP_AESI,781.94,Bell's palsy,MTHICD9,Facial droop,C0427055,Facial Paresis,narrow,N,BELLP,AESI,781.94,781.94
N_BELLP_AESI,90039006,Bell's palsy,SCTSPA,trastorno del nervio facial,C0015464,Facial Nerve Diseases,possible,N,BELLP,AESI,90039006,90039006
N_BELLP_AESI,90039006,Bell's palsy,SNOMEDCT_US,Facial nerve palsy,C0015469,Facial paralysis,narrow,N,BELLP,AESI,90039006,90039006
N_BELLP_AESI,95666008,Bell's palsy,SCTSPA,paresia facial,C0427055,Facial Paresis,narrow,N,BELLP,AESI,95666008,95666008
N_BELLP_AESI,95666008,Bell's palsy,SNOMEDCT_US,Weakness of face muscles,C0427055,Facial Paresis,possible,N,BELLP,AESI,95666008,95666008
N_CONVULSION_AESI,13973009,Generalized convulsion,SCTSPA,estado de gran mal,C0311335,Grand Mal Status Epilepticus,narrow,N,CONVULSION,AESI,13973009,13973009
N_CONVULSION_AESI,13973009,Generalized convulsion,SCTSPA,estado epiléptico,C0038220,Status Epilepticus,possible,N,CONVULSION,AESI,13973009,13973009
N_CONVULSION_AESI,13973009,Generalized convulsion,SNOMEDCT_US,Grand mal status,C0311335,Grand Mal Status Epilepticus,narrow,N,CONVULSION,AESI,13973009,13973009
N_CONVULSION_AESI,13973009,Generalized convulsion,SNOMEDCT_US,Status epilepticus,C0038220,Status Epilepticus,possible,N,CONVULSION,AESI,13973009,13973009
N_CONVULSION_AESI,19598007,Generalized convulsion,SCTSPA,Generalized epilepsy,"","",possible,N,CONVULSION,AESI,19598007,19598007
N_CONVULSION_AESI,19598007,Generalized convulsion,SNOMEDCT_US,Generalized epilepsy,"","",possible,N,CONVULSION,AESI,19598007,19598007
N_CONVULSION_AESI,19598007,Generalized convulsion,SNOMEDCT_US,Grand mal (major) epilepsy,"","",narrow,N,CONVULSION,AESI,19598007,19598007
N_CONVULSION_AESI,206733006,Generalized convulsion,SCTSPA,[D]convulsiones febriles,C0009952,Febrile Convulsions,narrow,N,CONVULSION,AESI,206733006,206733006
N_CONVULSION_AESI,206733006,Generalized convulsion,SNOMEDCT_US,[D]Convulsions- febrile,C0009952,Febrile Convulsions,possible,N,CONVULSION,AESI,206733006,206733006
N_CONVULSION_AESI,230414008,Generalized convulsion,SCTSPA,Epilepsy with grand mal seizures on awakening,"","",narrow,N,CONVULSION,AESI,230414008,230414008
N_CONVULSION_AESI,230414008,Generalized convulsion,SNOMEDCT_US,Epilepsy with grand mal seizures on awakening,"","",possible,N,CONVULSION,AESI,230414008,230414008
N_CONVULSION_AESI,246545002,Generalized convulsion,SNOMEDCT_US,EF - Epileptic fit,C0014544,Epilepsy,possible,N,CONVULSION,AESI,246545002,246545002
N_CONVULSION_AESI,246545002,Generalized convulsion,SNOMEDCT_US,Generalised seizure,"","",narrow,N,CONVULSION,AESI,246545002,246545002
N_CONVULSION_AESI,352818000,Generalized convulsion,SCTSPA,Tonic-clonic epilepsy,"","",possible,N,CONVULSION,AESI,352818000,352818000
N_CONVULSION_AESI,352818000,Generalized convulsion,SNOMEDCT_US,Grand mal epilepsy,"","",narrow,N,CONVULSION,AESI,352818000,352818000
N_CONVULSION_AESI,352818000,Generalized convulsion,SNOMEDCT_US,Tonic-clonic epilepsy,"","",possible,N,CONVULSION,AESI,352818000,352818000
N_CONVULSION_AESI,4619009,Generalized convulsion,SCTSPA,convulsiones de inicio generalizado,C0311334,Generalized convulsive epilepsy,narrow,N,CONVULSION,AESI,4619009,4619009
N_CONVULSION_AESI,4619009,Generalized convulsion,SNOMEDCT_US,Generalized-onset seizures,C0311334,Generalized convulsive epilepsy,possible,N,CONVULSION,AESI,4619009,4619009
N_CONVULSION_AESI,65120008,Generalized convulsion,SCTSPA,Generalized convulsive epilepsy,"","",narrow,N,CONVULSION,AESI,65120008,65120008
N_CONVULSION_AESI,65120008,Generalized convulsion,SCTSPA,epilepsia convulsiva generalizada,C0311334,Generalized convulsive epilepsy,narrow,N,CONVULSION,AESI,65120008,65120008
N_CONVULSION_AESI,65120008,Generalized convulsion,SNOMEDCT_US,Generalized convulsive epilepsy,"","",possible,N,CONVULSION,AESI,65120008,65120008
N_CONVULSION_AESI,65120008,Generalized convulsion,SNOMEDCT_US,Generalized convulsive epilepsy,C0311334,Generalized convulsive epilepsy,possible,N,CONVULSION,AESI,65120008,65120008
N_GBS_AESI,40956001,Guillain barre syndrome,SCTSPA,neuronitis PNS,C3542501,Acute Infective Polyneuritis,possible,N,GBS,AESI,40956001,40956001
N_GBS_AESI,40956001,Guillain barre syndrome,SCTSPA,síndrome de Guillain-Barré,C0018378,Guillain-Barre Syndrome,narrow,N,GBS,AESI,40956001,40956001
N_GBS_AESI,40956001,Guillain barre syndrome,SNOMEDCT_US,Acute idiopathic polyneuritis,C3542501,Acute Infective Polyneuritis,narrow,N,GBS,AESI,40956001,40956001
N_GBS_AESI,40956001,Guillain barre syndrome,SNOMEDCT_US,Guillain Barre syndrome,"","",narrow,N,GBS,AESI,40956001,40956001
N_GBS_AESI,40956001,Guillain barre syndrome,SNOMEDCT_US,Guillain-Barré syndrome,C0018378,Guillain-Barre Syndrome,narrow,N,GBS,AESI,40956001,40956001
N_HEARINGLOSS_AESI,129629004,Hearing loss,SCTSPA,presbiacusia metabólica,C1268593,Metabolic presbycusis,narrow,N,HEARINGLOSS,AESI,129629004,129629004
N_HEARINGLOSS_AESI,129629004,Hearing loss,SNOMEDCT_US,Metabolic presbycusis,C1268593,Metabolic presbycusis,possible,N,HEARINGLOSS,AESI,129629004,129629004
N_HEARINGLOSS_AESI,194421002,Hearing loss,SNOMEDCT_US,High frequency deafness,C0018780,Hearing Loss- High-Frequency,narrow,N,HEARINGLOSS,AESI,194421002,194421002
N_HEARINGLOSS_AESI,194421002,Hearing loss,SNOMEDCT_US,Low frequency deafness,C0271514,Low frequency deafness,possible,N,HEARINGLOSS,AESI,194421002,194421002
N_HEARINGLOSS_AESI,194421002,Hearing loss,SNOMEDCT_US,Perceptive deafness,C0018784,Sensorineural Hearing Loss (disorder),narrow,N,HEARINGLOSS,AESI,194421002,194421002
N_HEARINGLOSS_AESI,232323001,Hearing loss,SCTSPA,tinitus por emisión otoacústica espontánea (trastorno),"","",possible,N,HEARINGLOSS,AESI,232323001,232323001
N_HEARINGLOSS_AESI,232323001,Hearing loss,SNOMEDCT_US,Tinnitus due to spontaneous oto-acoustic emission (disorder),"","",narrow,N,HEARINGLOSS,AESI,232323001,232323001
N_MENINGOENC_AESI,32735002,Meningoencephalitis,SCTSPA,Congenital syphilitic encephalitis,"","",possible,N,MENINGOENC,AESI,32735002,32735002
N_MENINGOENC_AESI,32735002,Meningoencephalitis,SNOMEDCT_US,Congenital syphilitic encephalitis,"","",possible,N,MENINGOENC,AESI,32735002,32735002
N_MENINGOENC_AESI,32735002,Meningoencephalitis,SNOMEDCT_US,Encephalitis due to congenital syphilis,"","",narrow,N,MENINGOENC,AESI,32735002,32735002
N_MYELITISTRANSV_AESI,192682002,Transverse myelitis,SNOMEDCT_US,Myelitis,C0026975,Myelitis,possible,N,MYELITISTRANSV,AESI,192682002,192682002
N_MYELITISTRANSV_AESI,192682002,Transverse myelitis,SNOMEDCT_US,Transverse myelitis,C0026976,Myelitis- Transverse,narrow,N,MYELITISTRANSV,AESI,192682002,192682002
N_NARCOLEPSY_AESI,91521000119104,Narcolepsy,SCTSPA,Narcolepsy without cataplexy,"","",narrow,N,NARCOLEPSY,AESI,91521000119104,91521000119104
N_NARCOLEPSY_AESI,91521000119104,Narcolepsy,SCTSPA,narcolepsia sin cataplexia,C1456240,Narcolepsy without cataplexy,possible,N,NARCOLEPSY,AESI,91521000119104,91521000119104
N_NARCOLEPSY_AESI,91521000119104,Narcolepsy,SNOMEDCT_US,Narcolepsy without cataplexy,"","",narrow,N,NARCOLEPSY,AESI,91521000119104,91521000119104
N_STROKEISCH_AESI,155405006,Infarction cerebral stroke,SNOMEDCT_US,Accident - cerebrovascular,C0038454,Cerebrovascular accident,possible,N,STROKEISCH,AESI,155405006,155405006
N_STROKEISCH_AESI,155405006,Infarction cerebral stroke,SNOMEDCT_US,Cerebral infarct,C0007785,Cerebral Infarction,narrow,N,STROKEISCH,AESI,155405006,155405006
N_STROKEISCH_AESI,266315008,Infarction cerebral stroke,SNOMEDCT_US,Accident - cerebrovascular,C0038454,Cerebrovascular accident,possible,N,STROKEISCH,AESI,266315008,266315008
N_STROKEISCH_AESI,266315008,Infarction cerebral stroke,SNOMEDCT_US,Cerebral infarct,C0007785,Cerebral Infarction,narrow,N,STROKEISCH,AESI,266315008,266315008
N_STROKEISCH_AESI,95457000,Infarction cerebral stroke,SCTSPA,infarto de tronco encefálico,C0521542,Brain Stem Infarctions,narrow,N,STROKEISCH,AESI,95457000,95457000
N_STROKEISCH_AESI,95457000,Infarction cerebral stroke,SNOMEDCT_US,Brainstem infarction NOS,"","",possible,N,STROKEISCH,AESI,95457000,95457000
N_STROKEISCH_AESI,95460007,Infarction cerebral stroke,SCTSPA,infarto cerebeloso,C0236073,Cerebellar infarction,possible,N,STROKEISCH,AESI,95460007,95460007
N_STROKEISCH_AESI,95460007,Infarction cerebral stroke,SCTSPA,infarto cerebeloso,"","",narrow,N,STROKEISCH,AESI,95460007,95460007
N_STROKEISCH_AESI,95460007,Infarction cerebral stroke,SNOMEDCT_US,Cerebellar infarction,"","",possible,N,STROKEISCH,AESI,95460007,95460007
O_MIS_AESI,I40,Multisystem immflamatory syndrome,ICD10,Acute myocarditis,C0155686,Acute myocarditis,possible,O,MIS,AESI,I40,I40
O_MIS_AESI,I40,Multisystem immflamatory syndrome,ICD10CM,Acute myocarditis,C0155686,Acute myocarditis,possible,O,MIS,AESI,I40,I40
O_MIS_AESI,I40,Multisystem immflamatory syndrome,SNOMEDCT_US,Multisystem inflammatory syndrome in adults (disorder),"","",narrow,O,MIS,AESI,I40,I40
O_MIS_AESI,N17,Multisystem immflamatory syndrome,ICD10,Acute renal failure,C0022660,Kidney Failure- Acute,possible,O,MIS,AESI,N17,N17
O_MIS_AESI,N17,Multisystem immflamatory syndrome,ICD10CM,Acute kidney failure,C0022660,Kidney Failure- Acute,possible,O,MIS,AESI,N17,N17
O_MIS_AESI,N17,Multisystem immflamatory syndrome,SCTSPA,síndrome inflamatorio multisistémico pediátrico vinculado a SARS-CoV-2 (trastorno),"","",narrow,O,MIS,AESI,N17,N17
Onc_ANYMALIGNANCY_COV,C44,Malignancies,ICD10,Other malignant neoplasms of skin,C0153538,Malignant neoplasm of skin- other,possible,Onc,ANYMALIGNANCY,COV,C44,C44
Onc_ANYMALIGNANCY_COV,C44,Malignancies,ICD10CM,Other and unspecified malignant neoplasm of skin,C3161362,Other and unspecified malignant neoplasm of skin,possible,Onc,ANYMALIGNANCY,COV,C44,C44
Onc_ANYMALIGNANCY_COV,C44,Malignancies,ICD10CM,Other malignant neoplasms of skin,C0153538,Malignant neoplasm of skin- other,possible,Onc,ANYMALIGNANCY,COV,C44,C44
Onc_ANYMALIGNANCY_COV,C44,Malignancies,ICD10CM,malignant neoplasm of sebaceous glands,C1382026,Malignant Sebaceous Neoplasm,narrow,Onc,ANYMALIGNANCY,COV,C44,C44
Onc_ANYMALIGNANCY_COV,C44,Malignancies,ICD10CM,malignant neoplasm of sweat glands,C1321904,Malignant neoplasm of sweat gland,narrow,Onc,ANYMALIGNANCY,COV,C44,C44
R_ARDS_AESI,67782005,Resp distress syndrome acute,SCTSPA,síndrome de distrés respiratorio agudo,C0035222,Respiratory Distress Syndrome- Adult,possible,R,ARDS,AESI,67782005,67782005
R_ARDS_AESI,67782005,Resp distress syndrome acute,SNOMEDCT_US,ARDS - Adult respiratory distress syndrome,"","",narrow,R,ARDS,AESI,67782005,67782005
R_ARDS_AESI,67782005,Resp distress syndrome acute,SNOMEDCT_US,Acute respiratory distress syndrome,C0035222,Respiratory Distress Syndrome- Adult,narrow,R,ARDS,AESI,67782005,67782005
R_ARDS_AESI,67782005,Resp distress syndrome acute,SNOMEDCT_US,Adult respiratory distress syndrome,"","",narrow,R,ARDS,AESI,67782005,67782005
R_RESPCHRONIC_COV,155572007,Respiratory disease chronic,SNOMEDCT_US,Chronic bronchitis NOS,C0008677,Bronchitis- Chronic,narrow,R,RESPCHRONIC,COV,155572007,155572007
R_RESPCHRONIC_COV,155572007,Respiratory disease chronic,SNOMEDCT_US,Chronic tracheobronchitis,C0264323,Chronic tracheobronchitis,possible,R,RESPCHRONIC,COV,155572007,155572007
R_RESPCHRONIC_COV,21341004,Respiratory disease chronic,SCTSPA,asma,C0004096,Asthma,narrow,R,RESPCHRONIC,COV,21341004,21341004
R_RESPCHRONIC_COV,21341004,Respiratory disease chronic,SCTSPA,bronquitis alérgica,C1260881,Allergic bronchitis,possible,R,RESPCHRONIC,COV,21341004,21341004
R_RESPCHRONIC_COV,21341004,Respiratory disease chronic,SNOMEDCT_US,Asthma,C0004096,Asthma,narrow,R,RESPCHRONIC,COV,21341004,21341004
R_RESPCHRONIC_COV,266395007,Respiratory disease chronic,SNOMEDCT_US,Chronic bronchitis NOS,C0008677,Bronchitis- Chronic,narrow,R,RESPCHRONIC,COV,266395007,266395007
R_RESPCHRONIC_COV,266395007,Respiratory disease chronic,SNOMEDCT_US,Chronic tracheobronchitis,C0264323,Chronic tracheobronchitis,possible,R,RESPCHRONIC,COV,266395007,266395007
R_RESPCHRONIC_COV,278517007,Respiratory disease chronic,SCTSPA,bronquitis alérgica,C1260881,Allergic bronchitis,possible,R,RESPCHRONIC,COV,278517007,278517007
R_RESPCHRONIC_COV,278517007,Respiratory disease chronic,SNOMEDCT_US,Asthma,C0004096,Asthma,narrow,R,RESPCHRONIC,COV,278517007,278517007
R_RESPCHRONIC_COV,52571006,Respiratory disease chronic,SCTSPA,traqueobronquitis crónica,C0264323,Chronic tracheobronchitis,narrow,R,RESPCHRONIC,COV,52571006,52571006
R_RESPCHRONIC_COV,52571006,Respiratory disease chronic,SNOMEDCT_US,Chronic tracheobronchitis,C0264323,Chronic tracheobronchitis,possible,R,RESPCHRONIC,COV,52571006,52571006
Sk_ERYTHMULTI_AESI,156362004,Erythema multiforme,SNOMEDCT_US,Antibiotic necrolysis,C0014518,Toxic Epidermal Necrolysis,possible,Sk,ERYTHMULTI,AESI,156362004,156362004
Sk_ERYTHMULTI_AESI,156362004,Erythema multiforme,SNOMEDCT_US,Erythema multiforme,C0014742,Erythema Multiforme,narrow,Sk,ERYTHMULTI,AESI,156362004,156362004
Sk_ERYTHMULTI_AESI,156362004,Erythema multiforme,SNOMEDCT_US,Stevens-Johnson synd.,C0038325,Stevens-Johnson Syndrome,possible,Sk,ERYTHMULTI,AESI,156362004,156362004
Sk_ERYTHMULTI_AESI,200919006,Erythema multiforme,SNOMEDCT_US,Erythema multiforme,C0014742,Erythema Multiforme,narrow,Sk,ERYTHMULTI,AESI,200919006,200919006
Sk_ERYTHMULTI_AESI,200919006,Erythema multiforme,SNOMEDCT_US,Leyell-s syndrome,C0014518,Toxic Epidermal Necrolysis,possible,Sk,ERYTHMULTI,AESI,200919006,200919006
Sk_ERYTHMULTI_AESI,267848009,Erythema multiforme,SNOMEDCT_US,Antibiotic necrolysis,C0014518,Toxic Epidermal Necrolysis,possible,Sk,ERYTHMULTI,AESI,267848009,267848009
Sk_ERYTHMULTI_AESI,267848009,Erythema multiforme,SNOMEDCT_US,Erythema multiforme,C0014742,Erythema Multiforme,narrow,Sk,ERYTHMULTI,AESI,267848009,267848009
Sk_ERYTHMULTI_AESI,267848009,Erythema multiforme,SNOMEDCT_US,Stevens-Johnson synd.,C0038325,Stevens-Johnson Syndrome,possible,Sk,ERYTHMULTI,AESI,267848009,267848009
Sk_ERYTHMULTI_AESI,L51.1,Erythema multiforme,ICD10,Bullous erythema multiforme,"","",narrow,Sk,ERYTHMULTI,AESI,L51.1,L51.1
Sk_ERYTHMULTI_AESI,L51.1,Erythema multiforme,ICD10CM,Stevens-Johnson syndrome,"","",possible,Sk,ERYTHMULTI,AESI,L51.1,L51.1
Sk_ERYTHMULTI_AESI,L51.1,Erythema multiforme,ICD10CM,Stevens-Johnson syndrome,C0038325,Stevens-Johnson Syndrome,possible,Sk,ERYTHMULTI,AESI,L51.1,L51.1
Sk_SCAR_AESI,724833000,Severe cutaneous adverse reactions,SCTSPA,Stevens-Johnson and toxic epidermal necrolysis overlap syndrome caused by drug,"","",narrow,Sk,SCAR,AESI,724833000,724833000
Sk_SCAR_AESI,724833000,Severe cutaneous adverse reactions,SCTSPA,Stevens-Johnson and toxic epidermal necrolysis overlap syndrome caused by drug,"","",possible,Sk,SCAR,AESI,724833000,724833000
Sk_SCAR_AESI,724833000,Severe cutaneous adverse reactions,SCTSPA,superposición de síndrome de Stevens-Johnson y necrólisis epidérmica tóxica causada por fármaco (trastorno),"","",narrow,Sk,SCAR,AESI,724833000,724833000
Sk_SCAR_AESI,724833000,Severe cutaneous adverse reactions,SNOMEDCT_US,Stevens-Johnson and toxic epidermal necrolysis overlap syndrome caused by drug,"","",narrow,Sk,SCAR,AESI,724833000,724833000
V_DVT_AESI,I80,deep vein thrombosis,ICD10,Phlebitis and thrombophlebitis,C1367972,Phlebitis and thrombophlebitis,possible,V,DVT,AESI,I80,I80
V_DVT_AESI,I80,deep vein thrombosis,ICD10CM,Phlebitis and thrombophlebitis,C1367972,Phlebitis and thrombophlebitis,possible,V,DVT,AESI,I80,I80
V_DVT_AESI,I80,deep vein thrombosis,ICD10CM,endophlebitis,C0014234,Endophlebitis,possible,V,DVT,AESI,I80,I80
V_DVT_AESI,I80,deep vein thrombosis,ICD10CM,inflammation- vein,C0031542,Phlebitis,possible,V,DVT,AESI,I80,I80
V_DVT_AESI,I80,deep vein thrombosis,ICD10CM,periphlebitis,C0031129,Periphlebitis,possible,V,DVT,AESI,I80,I80
V_DVT_AESI,I80,deep vein thrombosis,ICD10CM,suppurative phlebitis,C0265051,Suppurative phlebitis,possible,V,DVT,AESI,I80,I80
V_DVT_AESI,I80,deep vein thrombosis,SNOMEDCT_US,Deep vein thrombosis of leg related to air travel,"","",narrow,V,DVT,AESI,I80,I80
V_MICROANGIO_AESI,13507004,Microangiopathy,SCTSPA,Purpura fulminans,"","",exclude,V,MICROANGIO,AESI,13507004,13507004
V_MICROANGIO_AESI,13507004,Microangiopathy,SCTSPA,púrpura fulminante,C0085650,Purpura Fulminans,narrow,V,MICROANGIO,AESI,13507004,13507004
V_MICROANGIO_AESI,13507004,Microangiopathy,SNOMEDCT_US,Purpura fulminans,"","",exclude,V,MICROANGIO,AESI,13507004,13507004
V_MICROANGIO_AESI,13507004,Microangiopathy,SNOMEDCT_US,Purpura fulminans,C0085650,Purpura Fulminans,exclude,V,MICROANGIO,AESI,13507004,13507004
V_MICROANGIO_AESI,D59.4,Microangiopathy,ICD10,Other nonautoimmune haemolytic anaemias,"","",possible,V,MICROANGIO,AESI,D59.4,D59.4
V_MICROANGIO_AESI,D59.4,Microangiopathy,ICD10CM,Microangiopathic hemolytic anemia,C0221021,Microangiopathic hemolytic anemia,narrow,V,MICROANGIO,AESI,D59.4,D59.4
V_THROMBOSISARTERIAL_AESI,16026391000119106,Arterial thromboembolism,SCTSPA,trombosis de aorta,C0854142,Thrombosis of aorta,possible,V,THROMBOSISARTERIAL,AESI,16026391000119106,16026391000119106
V_THROMBOSISARTERIAL_AESI,16026391000119106,Arterial thromboembolism,SNOMEDCT_US,Thrombosis of aorta,C0854142,Thrombosis of aorta,narrow,V,THROMBOSISARTERIAL,AESI,16026391000119106,16026391000119106
V_THROMBOSISARTERIAL_AESI,N28.0,Arterial thromboembolism,ICD10,Ischaemia and infarction of kidney,"","",narrow,V,THROMBOSISARTERIAL,AESI,N28.0,N28.0
V_THROMBOSISARTERIAL_AESI,N28.0,Arterial thromboembolism,ICD10CM,Renal artery obstruction,C0035066,Renal Artery Obstruction,possible,V,THROMBOSISARTERIAL,AESI,N28.0,N28.0
V_VASCULITISSINGLEORG_AESI,195352009,Vasculitis single organ cutaneous,SCTSPA,angeítis por hipersensibilidad- SAI,C0151436,Vasculitis- Leukocytoclastic- Cutaneous,possible,V,VASCULITISSINGLEORG,AESI,195352009,195352009
V_VASCULITISSINGLEORG_AESI,195352009,Vasculitis single organ cutaneous,SNOMEDCT_US,Hypersensitivity angiitis NOS,C0151436,Vasculitis- Leukocytoclastic- Cutaneous,narrow,V,VASCULITISSINGLEORG,AESI,195352009,195352009
V_VASCULITISSINGLEORG_AESI,60555002,Vasculitis single organ cutaneous,SCTSPA,vasculitis leucocitoclástica,C0151436,Vasculitis- Leukocytoclastic- Cutaneous,possible,V,VASCULITISSINGLEORG,AESI,60555002,60555002
V_VASCULITISSINGLEORG_AESI,60555002,Vasculitis single organ cutaneous,SNOMEDCT_US,Hypersensitivity angiitis,C0151436,Vasculitis- Leukocytoclastic- Cutaneous,narrow,V,VASCULITISSINGLEORG,AESI,60555002,60555002
